,RegionID,RegionName,SizeRank,2014-03,2014-06,2014-09,2014-12,2015-03,2015-06,2015-09,2015-12
0,102001,United States,0,52776.49,53318.96,53970.23,54562.32,54229.05394,54332.46089,54990.2097,55589.27038
1,394913,"New York, NY",1,66088.07,66656.51,67391.05,68128.25,67806.35982,68056.29671,68469.3068,69082.0455
2,753899,"Los Angeles-Long Beach-Anaheim, CA",2,59705.08,60263.04,60812.4,61274.92,61675.34764,61890.14208,62150.2728,62806.793
3,394463,"Chicago, IL",3,60912.72,61309.02,61796.53,62373.9,62922.83976,61983.41922,62476.29183,62935.2651
4,394514,"Dallas-Fort Worth, TX",4,58787.41,59226.95,59835.69,60269.97,60139.52043,59819.2195,61032.4038,61294.55949
5,394974,"Philadelphia, PA",5,61364.21,61835.4,62447.27,63036.99,62898.31525,63443.1204,63758.66267,64045.58184
6,394692,"Houston, TX",6,59296.73,59767.67,60394.58,60829.02,60423.36787,61022.79107,61904.4445,62045.6004
7,395209,"Washington, DC",7,89706.06,90643.99,91714.77,92706.96,90692.82666,92275.58182,93824.20971,94931.92704
8,394856,"Miami-Fort Lauderdale, FL",8,47783.89,48253.55,48728,49066.41,48787.35169,49508.1423,50043.656,49900.53897
9,394347,"Atlanta, GA",9,55444.58,55869.98,56423.4,56926.05,57606.91862,56987.3796,57551.868,57893.79285
10,394404,"Boston, MA",10,74355.4,75131.85,76140.44,77040.52,77032.1944,77385.8055,78424.6532,78735.41144
11,395057,"San Francisco, CA",11,81467.04,82659.85,83846.61,84916.01,83502.02018,84642.59247,85703.75395,86856.94737
12,394532,"Detroit, MI",12,51798.84,52133.95,52670.12,53244.19,51747.04116,52655.2895,53670.85228,54575.29475
13,395025,"Riverside, CA",13,53846.56,54334.37,54846.76,55316.14,55191.60313,55637.67581,56061.57749,56580.50891
14,394976,"Phoenix, AZ",14,52708.32,53163.63,53643.54,53944.45,53867.90304,54386.39349,54984.6285,55131.2279
15,395078,"Seattle, WA",15,69595.81,70711.62,71910.94,72875.13,72658.02564,73752.21966,73492.98068,74259.75747
16,394865,"Minneapolis-St Paul, MN",16,68163.31,68632.62,69430.17,70217.89,69731.06613,70622.96598,71096.49408,73096.82349
17,395056,"San Diego, CA",17,64982.07,65743.36,66591.97,67450.61,66605.26908,67320.33059,68066.9357,68992.33823
18,395121,"St. Louis, MO",18,54583.19,55187.01,55863.48,56506.18,55874.00868,56064.46037,56841.0909,57539.54323
19,395148,"Tampa, FL",19,46160.86,46631.7,47144.66,47566.8,47156.03609,47474.67239,47915.62746,48303.36822
20,394358,"Baltimore, MD",20,70090.26,71122.69,72063.63,72728.17,71601.32697,72408.39187,73242.1031,73854.36008
21,394530,"Denver, CO",21,65310.77,66425.19,67472.27,68273.97,66942.17974,68018.51548,68966.73373,69834.51789
22,394982,"Pittsburgh, PA",22,51703.83,52032.56,52490.29,52945.43,53763.40165,53100.55179,53516.99494,53976.83448
23,394998,"Portland, OR",23,59342.1,59870.97,60586.39,61192.2,60824.41724,61307.08094,61928.33629,62590.87886
24,394458,"Charlotte, NC",24,52551.09,53157.4,53892.23,54595.15,53684.03224,54118.33903,54773.54202,55440.55167
25,395045,"Sacramento, CA",25,59018.77,59668.9,60358.61,61013.9,60493.01072,61100.16394,61695.51112,62408.50343
26,395055,"San Antonio, TX",26,52070.26,52390.82,52923.6,53371.21,53192.83609,53337.90138,53789.07179,54197.65905
27,394943,"Orlando, FL",27,47540.69,48062.56,48566.62,48909.97,48565.61367,48931.39839,49360.8411,49667.3371
28,394466,"Cincinnati, OH",28,54998.92,55434.22,55998.95,56483.91,56299.57014,56315.6009,56978.93163,57516.86596
29,394475,"Cleveland, OH",29,49211.69,49616.46,50136.09,50591.75,50375.47997,50405.34095,51013.47158,51516.95241
30,394735,"Kansas City, MO",30,56416.2,56743.92,57155.21,57660.78,57750.36689,57646.12459,58155.42618,58715.2581
31,394775,"Las Vegas, NV",31,50518.08,50986.42,51502.22,51849.28,51779.98042,52209.41932,52642.95826,53034.4064
32,394492,"Columbus, OH",32,55410.46,55980.92,56706.19,57386.23,56720.8425,56870.99321,57698.54833,58435.68724
33,394705,"Indianapolis, IN",33,51402.48,51852.48,52537.26,53279.51,52618.07919,52676.91274,53456.66205,54253.86513
34,395059,"San Jose, CA",34,94731.2,95689.69,96981.08,98517.83,97478.4048,97699.17349,98435.7962,99897.07962
35,394355,"Austin, TX",35,62479.3,63224.24,64069.98,64638.9,63826.28325,64367.1597,65117.7311,65639.82836
36,395194,"Virginia Beach, VA",36,57992.9,58560.66,59193.99,59736.45,59243.16153,59619.27505,60162.00292,60661.4643
37,394902,"Nashville, TN",37,51999.88,52381.2,52832.24,53346.73,53120.93877,53328.10748,53696.21776,54172.79998
38,395005,"Providence, RI",38,55203.93,55563.02,56092.91,56484.24,57402.92472,56703.47608,57190.08183,57584.58234
39,394862,"Milwaukee, WI",39,52613.54,52849.9,53297.62,53895.05,53857.77912,53690.1913,54230.32835,54880.66189
40,394714,"Jacksonville, FL",40,50513.82,50959.26,51377.15,51616.88,51602.841,51880.46273,52217.33234,52416.16339
41,394849,"Memphis, TN",41,45613.8,45725.02,45911.79,46125.4,46597.18209,46551.60212,46662.59605,46839.64825
42,394935,"Oklahoma City, OK",42,51258.93,51975.64,52875.35,53554.5,52364.01473,52915.21607,53740.03275,54383.78729
43,394807,"Louisville-Jefferson County, KY",43,50282.67,50658.7,51173.66,51612.97,51366.70766,51574.46943,52010.51462,52412.19284
44,394669,"Hartford, CT",44,67404.14,68135.6,68981.11,69607.02,70089.11819,69534.11396,70330.37377,70963.00091
45,395022,"Richmond, VA",45,59755.34,60510.51,61353.55,62124.35,61043.59774,61604.37296,62356.8787,63086.34075
46,394910,"New Orleans, LA",46,46106.4,46493.42,46999,47537.16,47100.40199,47333.89267,47767.58545,48273.26924
47,394425,"Buffalo, NY",47,49844.38,49795.94,50071.37,50585.63,51829.88227,50818.02415,51050.7611,51571.06435
48,395012,"Raleigh, NC",48,61343.35,61852.13,62616.34,63438.81,62665.84345,62970.24574,63640.31939,64421.15506
49,394388,"Birmingham, AL",49,46833.48,46794.49,47098.56,47458.86,47843.15701,47640.40518,47868.77357,48193.75677
50,395053,"Salt Lake City, UT",50,61798.67,62260.31,62950.11,63558.9,63342.35035,63753.73348,64344.41104,65011.67486
51,395031,"Rochester, NY",51,50735.69,50895.23,51192.27,51520.81,52756.69674,51939.87758,52193.58579,52524.46214
52,394640,"Grand Rapids, MI",52,53494.04,54052.74,54697.22,55243.98,54759.10176,54912.15595,55654.42135,56254.2606
53,395167,"Tucson, AZ",53,45359.33,45697.68,46068.51,46298.48,46492.36905,46793.81955,47088.89537,47356.73097
54,753924,"Urban Honolulu, HI",54,73367.04,74183.45,75121.46,75864.04,75199.68879,75962.87105,76785.34796,77598.0752
55,395169,"Tulsa, OK",55,49766.24,50425.61,51169.77,51599,50839.14401,51337.16581,52006.56101,52398.00652
56,394619,"Fresno, CA",56,43111.73,43292.63,43525.83,43761.81,44188.62584,44331.08018,44489.89678,44762.07994
57,395238,"Worcester, MA",57,63420.97,64081.2,64965.59,65756.23,65947.2825,65396.49557,66236.31059,67037.19552
58,394415,"Stamford, CT",58,83899.59,85232,86697.21,87871.2,87241.64836,86981.42529,88392.99895,89582.97662
59,394312,"Albuquerque, NM",59,47035.75,47200.12,47728,48359.29,48210.66465,48332.29823,48785.14192,49464.6452
60,394308,"Albany, NY",60,61304.74,61769.05,62525.65,63459.05,63746.75454,63036.88764,63748.6456,64695.26526
61,394938,"Omaha, NE",61,56186.68,57064.83,57990.25,58867.82,57515.41905,57972.13692,59005.07938,59944.37199
62,394908,"New Haven, CT",62,59506.72,60088.85,60755.79,61212.63,61877.11217,61322.20078,61944.16731,62405.08383
63,394357,"Bakersfield, CA",63,47274.51,47491.45,47766.08,48043.96,48455.38868,48630.61629,48824.06537,49142.10766
64,394753,"Knoxville, TN",64,44674.77,44969.67,45300.34,45659.24,45637.90766,45782.59748,46041.14687,46366.2698
65,394653,"Greenville, SC",65,44253.99,44566.13,44946.91,45365.01,45208.05612,45371.76259,45681.93715,46067.48367
66,394952,"Ventura, CA",66,75018.03,75259.8,75591.34,75926.82,76891.91918,77065.03921,77265.63547,77662.29017
67,394318,"Allentown, PA",67,59025.59,59915.18,60808.87,61531.63,61376.81682,61144.96612,61998.28555,62730.29812
68,394561,"El Paso, TX",68,39920.66,40033.71,40247.38,40330.25,40781.30441,40757.40895,40905.55465,40954.7608
69,394367,"Baton Rouge, LA",69,51443.5,51858.89,52324.4,52736.56,52552.56385,52796.35555,53180.07294,53553.18155
70,394521,"Dayton, OH",70,46281.32,46513.93,46854.92,47137.84,47375.81068,47253.48203,47674.8811,47999.87864
71,394843,"McAllen, TX",71,34347.26,34622.81,34989.23,35244.69,35087.74819,35248.69482,35561.41692,35790.4513
72,394486,"Columbia, SC",72,49459.56,49770.94,50252.76,50880.12,50525.85234,50670.66118,51074.55493,51667.99472
73,394648,"Greensboro, NC",73,42205.14,42370.17,42682,43003.1,43115.03522,43136.10569,43379.98855,43668.99967
74,394304,"Akron, OH",74,50106.16,50299.82,50678.33,51068.18,51291.10297,51099.56609,51565.20078,52002.09518
75,753906,"North Port-Sarasota-Bradenton, FL",75,50748.17,51629.53,52555.68,53375.15,51842.24332,52562.84936,53415.13511,54201.66007
76,394798,"Little Rock, AR",76,47828.09,48049.64,48493.77,48948.66,48859.20968,48918.24483,49286.79976,49706.62621
77,395134,"Stockton, CA",77,51261.9,51494.79,51790.2,52089.11,52542.38043,52729.98347,52937.31682,53279.71823
78,394457,"Charleston, SC",78,52579.27,53218.92,53902.59,54587.53,53712.81977,54180.97114,54784.07144,55432.81368
79,395143,"Syracuse, NY",79,51493.04,51722.11,52057.12,52387.18,53544.21504,52783.72966,53075.35218,53407.70948
80,394484,"Colorado Springs, CO",80,58247.24,59009.58,59828.07,60559.21,59702.20853,60425.02898,61153.22003,61943.42051
81,395235,"Winston-Salem, NC",81,42894.06,43355.06,43931.91,44478.83,43818.80756,44138.79979,44650.33862,45167.58124
82,395224,"Wichita, KS",82,51566.71,51936.62,52372.91,53047.76,52786.19301,52762.39053,53289.43593,54017.87697
83,395115,"Springfield, MA",83,50662.87,50752.27,51023.24,51225.62,52680.97602,51793.98326,52021.24958,52223.52169
84,394440,"Fort Myers, FL",84,48163.4,48744.29,49380.15,49932.15,49201.74859,49625.45219,50187.67494,50705.34548
85,394399,"Boise City, ID",85,50940.53,51403.68,52015.03,52941.52,52212.98287,52636.68804,53167.12664,54151.61189
86,395160,"Toledo, OH",86,44808.41,45293.8,45886.67,46423.14,45868.06834,46013.95247,46689.68673,47272.10848
87,394816,"Madison, WI",87,60203.93,60588.06,61115.31,61704.7,61627.67159,61551.3848,62184.82793,62833.13175
88,394766,"Lakeland, FL",88,42250.36,42593.6,42981.62,43294.42,43161.23012,43363.57469,43684.50831,43964.83074
89,394931,"Ogden, UT",89,63408.21,63892.07,64621.97,65281.73,64992.09535,65424.63413,66053.30158,66773.88383
90,394528,"Daytona Beach, FL",90,41920.79,42274.65,42674.7,43001.87,42824.55496,43038.85896,43372.56917,43667.75063
91,394531,"Des Moines, IA",91,61325.59,61973.77,62768.4,63716.28,62775.85733,62959.12701,63866.847,64881.49875
92,394711,"Jackson, MS",92,46298.08,46606.24,47166.97,47796.67,47296.21439,47448.75214,47938.3023,48536.79773
93,395245,"Youngstown, OH",93,41757.23,42005.06,42386.46,42763.34,42744.73206,42672.92288,43128.22305,43545.37947
94,394352,"Augusta, GA",94,46008.22,46420.35,46922.26,47405.16,47000.10534,47259.50177,47689.5905,48139.22523
95,395075,"Scranton, PA",95,44756.34,45072.35,45444.78,45754.35,46539.16516,45997.48034,46333.67545,46645.66851
96,394666,"Harrisburg, PA",96,56961.68,57486.92,58043.74,58475.3,59230.69298,58666.86499,59179.06988,59614.42922
97,394957,"Melbourne, FL",97,47242.81,47674.02,48156.27,48554.9,48261.31171,48535.83466,48943.78055,49306.76887
98,394460,"Chattanooga, TN",98,46059.62,46327.43,46742.32,47270.31,47052.61347,47164.90203,47506.7079,48002.28709
99,395113,"Spokane, WA",99,48459.01,48998.24,49642.87,50179.85,49669.47653,50173.54931,50742.42495,51326.818
100,395006,"Provo, UT",100,60276.7,60676.79,61167.47,61436.84,61782.36278,62132.22996,62522.28681,62841.11063
101,394768,"Lancaster, PA",101,56658.55,57113.3,57667.65,58172.5,58915.48809,58285.57627,58795.62359,59305.73052
102,394871,"Modesto, CA",102,50041.05,50700.66,51428.78,52165.51,51291.0346,51916.80486,52567.89162,53357.86451
103,394997,"Portland, ME",103,57902.04,59108.43,60151.21,61135.05,60208.5113,60321.65722,61327.76178,62325.99253
104,394549,"Durham, NC",104,51454.19,51692.03,52147.92,52657.9,52563.48431,52626.47919,53000.70692,53473.3035
105,395068,"Santa Rosa, CA",105,65989.76,67127.33,68359.89,69607.02,67638.13036,68737.49755,69874.0139,71198.0376
106,394792,"Lexington, KY",106,49684.4,50068.56,50518.89,50807.73,50755.53964,50973.66133,51345.03702,51594.48377
107,394761,"Lafayette, LA",107,48259.7,48477.35,48799.46,49135.36,49300.12471,49353.68665,49597.48878,49896.21725
108,394770,"Lansing, MI",108,49193.43,49382.06,49827.7,50383.6,50356.78814,50167.21409,50699.68475,51304.99584
109,394590,"Fayetteville, AR",109,48844.37,49648.4,50587.68,51433.3,49897.39954,50545.906,51414.95195,52229.74067
110,394971,"Pensacola, FL",110,49280.79,49598.27,50189.19,50939.27,50343.22826,50494.86979,51009.94536,51728.06065
111,395195,"Visalia, CA",111,41892.46,42342.69,42848.52,43360.33,42938.89947,43358.35419,43797.58484,44351.42326
112,395096,"Shreveport, LA",112,41806.27,41985.02,42265.75,42571,42707.56604,42743.99325,42956.93152,43230.20864
113,395116,"Springfield, MO",113,41057.04,41086.97,41286.41,41562.86,42027.98351,41740.23563,42008.92218,42322.94555
114,395244,"York, PA",114,57752.73,58266,58881.73,59447.54,60053.25368,59461.93596,60033.45088,60605.60896
115,394502,"Corpus Christi, TX",115,50942.04,51656.83,52484.3,53117.33,52040.29294,52590.64287,53342.58782,53939.84774
116,394596,"Flint, MI",116,41204.43,41505.72,41867.68,42150.17,42178.85909,42165.64358,42600.3644,42920.99605
117,395019,"Reno, NV",117,52020.68,52458.35,53000.96,53431.8,53320.11414,53716.65616,54174.89431,54653.09829
118,394338,"Asheville, NC",118,45667.18,46529.88,47392.46,48081.14,46651.7129,47371.01177,48167.47979,48825.67273
119,394995,"Port St. Lucie, FL",119,46273.39,47189.79,47981.04,48490.31,47270.99211,48042.85112,48765.68497,49241.1787
120,753917,"Santa Maria-Santa Barbara, CA",120,63277.09,63607.93,64016.69,64430.3,64857.70007,65133.67853,65434.61505,65902.99257
121,394698,"Huntsville, AL",121,55752.08,56026.56,56676.8,57356.08,56954.03197,57039.36552,57603.64873,58244.23446
122,394612,"Fort Wayne, IN",122,48426.82,48947.07,49706.28,50539.03,49572.04885,49725.30793,50576.1399,51463.26829
123,395050,"Salinas, CA",123,57352.83,57657.52,58032.91,58412.75,58785.45689,59040.53744,59318.29849,59747.89857
124,395183,"Vallejo, CA",124,66949.09,67603.71,68346.04,69097.16,68621.42364,69225.30437,69859.85713,70676.52366
125,394870,"Mobile, AL",125,42931.81,43306.62,43898.52,44431.05,43857.37141,44089.48412,44616.40258,45119.06137
126,395015,"Reading, PA",126,55390.17,55795.88,56298.21,56751.74,57596.58341,56941.11563,57399.39748,57857.29338
127,394421,"Brownsville, TX",127,32029.04,32049.74,32149.5,32143.72,32719.54998,32629.11081,32675.24816,32641.46302
128,394746,"Killeen, TX",128,49885.59,50151.68,50680.39,51193.52,50961.06706,51058.28391,51509.17806,51986.24769
129,394439,"Canton, OH",129,46816.26,47316.79,48019.01,48762.06,47923.40128,48069.10716,48859.34268,49653.80175
130,394372,"Beaumont, TX",130,42343.47,42402.1,42584.23,42646.61,43256.34746,43168.6129,43280.6197,43306.98945
131,394820,"Manchester, NH",131,70061.74,70956.97,71863.93,72805.36,72852.5811,72413.39385,73269.58144,74223.64623
132,395048,"Salem, OR",132,48455.65,49153.82,49923.01,50500.28,49666.0326,50332.86117,51028.76986,51654.57211
133,394327,"Anchorage, AK",133,74705.92,75420.55,76151.01,76450.35,76572.01292,77229.64508,77837.70177,78197.78657
134,394520,"Davenport, IL",134,51091.98,51119.93,51416.99,52011.6,52300.23628,51932.7155,52316.78733,52962.76808
135,394972,"Peoria, IL",135,55216.01,55855.39,56504.23,57168.48,56521.79402,56743.46733,57493.05403,58213.95511
136,394898,"Myrtle Beach, SC",136,43324.75,43732.71,44213.92,44700.62,44258.78275,44523.27666,44936.96039,45392.80564
137,394875,"Montgomery, AL",137,46410.62,46905.97,47484.91,47833.49,47411.18063,47753.90044,48261.44164,48574.18789
138,395051,"Salisbury, MD",138,52912.95,53727.54,54567.83,55303.71,54053.69353,54698.78559,55460.19026,56160.08367
139,394658,"Gulfport, MS",139,43650.2,43706.26,43977.63,44289.8,44591.24909,44496.34851,44696.80629,44975.62412
140,395146,"Tallahassee, FL",140,44001.75,44070.87,44304.68,44591.85,44950.37811,44867.54965,45029.20461,45282.35134
141,395164,"Trenton, NJ",141,73704.31,74541.22,75439.89,76158.59,76640.24932,76071.2122,76915.48687,77642.1989
142,394589,"Fayetteville, NC",142,42160.36,42022.43,42144.06,42399.91,43069.28982,42782.07952,42833.2515,43056.46932
143,394679,"Hickory, NC",143,39857.13,40741.41,41588.71,42240.79,40716.40478,41477.90221,42268.81973,42894.88536
144,394697,"Huntington, WV",144,40648.85,40727.62,40900.52,41043.13,41525.19337,41463.86293,41569.3756,41678.67969
145,394576,"Eugene, OR",145,43964.11,44539.11,45222.74,45782.05,45062.29759,45607.45921,46224.39216,46828.49686
146,395033,"Rockford, IL",146,48413.07,48209.63,48276.18,48644.75,49557.97368,48976.14295,49121.01315,49534.34643
147,395070,"Savannah, GA",147,50428.22,51227.02,52245.57,53330.61,51515.39556,52153.06309,53099.95381,54156.43037
148,394332,"Ann Arbor, MI",148,61480.39,62359.59,63338.1,64201.92,62934.31814,63351.08139,64446.51675,65376.01995
149,394927,"Ocala, FL",149,39213.34,39698.63,40228.94,40691.09,40058.73539,40416.27163,40886.8131,41321.18838
150,394732,"Kalamazoo, MI",150,45280.5,45547.92,45892.8,46162.88,46351.32264,46272.11287,46695.924,47007.08894
151,394901,"Naples, FL",151,56777.85,57592.47,58474.58,59259.11,58001.91642,58633.58285,59430.82824,60176.73273
152,395107,"South Bend, IN",152,45233.56,46191.55,47136.14,47883.27,46303.27257,46925.97632,47961.02245,48758.94077
153,395109,"Spartanburg, SC",153,42366.39,42861.73,43416.6,43999.29,43279.76159,43636.55174,44126.60164,44680.6156
154,394579,"Evansville, IN",154,45612.35,46133.01,46848.34,47593.98,46691.02044,46866.50556,47668.18595,48464.36035
155,394747,"Kingsport, TN",155,38838.28,39161.1,39385.31,39464.24,39675.58952,39869.02457,40029.38702,40075.3407
156,395028,"Roanoke, VA",156,49936.95,50950.67,51865.15,52522.55,51013.53433,51871.71744,52713.31271,53335.85762
157,394646,"Green Bay, WI",157,52290.26,52883.28,53524.45,54134.24,53526.85399,53724.10203,54461.12788,55124.2261
158,394796,"Lincoln, NE",158,51305.46,51698.14,52262.7,52917.32,52518.7648,52520.11879,53177.29725,53885.05154
159,394602,"Fort Collins, CO",159,56174.84,56429.54,56735.57,56960.05,57578.04167,57783.10217,57992.22331,58261.994
160,395179,"Utica, NY",160,46728.15,47296.16,48043.21,48875.48,48589.52029,48266.93504,48982.93049,49827.59974
161,394488,"Columbus, GA",161,42134.76,42391.18,42834.43,43315.2,43043.13791,43157.4955,43534.91128,43985.93252
162,394405,"Boulder, CO",162,70558.29,71193.69,71900.21,72507.81,72320.77851,72901.39638,73492.74952,74165.13137
163,394808,"Lubbock, TX",163,45287.58,45611.32,46053.26,46347.83,46263.92915,46435.84674,46806.37954,47065.52256
164,394572,"Erie, PA",164,44998.73,45340.14,45760.26,46140.88,46791.21053,46270.76685,46655.32621,47039.72831
165,394609,"Fort Smith, AR",165,38605.42,38944.47,39430.05,39848.09,39437.70932,39648.4785,40074.85867,40465.13459
166,394543,"Duluth, MN",166,49001.75,49759.11,50711.5,51628.73,50160.57517,50550.25903,51598.95125,52572.8963
167,394348,"Atlantic City, NJ",167,54194.5,54938.01,55729.61,56389.88,56353.28506,56065.63746,56819.67572,57488.38416
168,394924,"New London, CT",168,65045.44,65771.11,66591.78,67183.68,67636.46168,67121.09173,67894.3087,68492.45299
169,395061,"San Luis Obispo, CA",169,62008.88,62940.18,63958.36,64988.57,63557.81122,64449.91136,65374.99308,66474.02303
170,394622,"Gainesville, FL",170,43714.27,44872.39,45970.84,46860.17,44656.70036,45683.55892,46722.61171,47585.7961
171,395065,"Santa Cruz, CA",171,65417.98,65347.94,65351.32,65354.76,67052.06776,66915.42574,66798.80617,66848.58309
172,394471,"Clarksville, TN",172,44735.15,44964.16,45258.01,45562.85,45699.58939,45776.98787,45998.12464,46268.3872
173,394447,"Cedar Rapids, IA",173,60045.7,61190.76,62438.02,63787.63,61465.69966,62163.66748,63530.68535,64954.15357
174,394851,"Merced, CA",174,43414.81,43831.63,44305.19,44784.36,44499.27653,44883.00905,45286.51906,45808.00251
175,395229,"Wilmington, NC",175,47516.79,48095.31,48798.87,49464.87,48541.19841,48964.74042,49596.88913,50230.82968
176,394741,"Kennewick, WA",176,57452.28,57711.56,58208.83,58707.43,58887.39107,59095.87368,59498.115,60049.31411
177,394645,"Greeley, CO",177,60667.81,61590.22,62581.68,63492.3,62183.24239,63067.57019,63967.82057,64943.55257
178,395197,"Waco, TX",178,42353.61,42871.8,43506.01,44004.59,43266.70607,43646.80378,44217.47378,44685.99767
179,394811,"Lynchburg, VA",179,46640.65,47253.71,47905.69,48468.17,47646.16982,48107.92661,48689.10276,49218.69586
180,394937,"Olympia, WA",180,60607.43,61235.01,61989.35,62604.22,62121.35415,62703.83985,63362.37088,64035.1736
181,394323,"Amarillo, TX",181,50230.35,50872.38,51675.02,52341.84,51313.2597,51792.01218,52520.07348,53152.34934
182,394387,"Binghamton, NY",182,47684.45,47858.1,48296.11,48912.86,49583.91357,48840.40911,49240.77719,49865.70792
183,394660,"Hagerstown, MD",183,55679.98,56201.48,56830.42,57436.11,56880.37758,57217.44759,57759.78092,58325.50372
184,394412,"Bremerton, WA",184,61037.76,61503.74,62093.51,62541,62562.43344,62979.01581,63468.83795,63970.50857
185,394772,"Laredo, TX",185,38076.23,38205.91,38432.11,38533.75,38897.11058,38896.56737,39060.59913,39130.44214
186,395240,"Yakima, WA",186,44002.09,44404.28,44897.25,45288.38,45101.2263,45469.39507,45891.69278,46323.54297
187,753875,"Crestview-Fort Walton Beach-Destin, FL",187,52546.14,53273.93,54080.47,54815.13,53678.97552,54236.97557,54964.86035,55663.93804
188,395161,"Topeka, KS",188,53053.99,53940.01,54789.79,55770.34,54308.64517,54797.63359,55748.61133,56790.24647
189,394813,"Macon, GA",189,38110.36,37828.73,38022.71,38617.34,38931.97638,38512.569,38644.50411,39215.32652
190,394454,"Champaign-Urbana, IL",190,47715.38,47780.21,48087.34,48668.38,48843.78426,48539.89535,48928.86845,49558.40856
191,395171,"Tuscaloosa, AL",191,43177.56,43710.59,44478.95,45204.6,44108.4195,44500.75679,45206.32449,45904.58973
192,394483,"College Station, TX",192,41305.61,41737.96,42389.52,43028.24,42196.11237,42492.46708,43082.72556,43694.52896
193,395103,"Sioux Falls, SD",193,57071.84,58360.44,59494.65,60474.59,58421.51189,59288.34658,60535.80638,61580.52598
194,394455,"Charleston, WV",194,42474.96,42624.26,42861.12,43083.55,43390.67224,43394.78894,43562.03774,43750.69544
195,394334,"Appleton, WI",195,59488.71,59748.15,60253,60934.25,60895.5376,60698.12059,61307.4275,62048.59206
196,394464,"Chico, CA",196,42023.91,42225.09,42477.7,42733.3,43073.63298,43237.93335,43418.55144,43710.06114
197,394459,"Charlottesville, VA",197,57082.94,57791.42,58581.46,59299.99,58313.58381,58836.12932,59539.45608,60218.24575
199,394361,"Cape Cod, MA",199,63843.71,64759.08,65922.38,67010.83,66386.86193,66088.28936,67211.81531,68316.23578
200,394803,"Longview, TX",200,47777.52,49041.35,50214.74,50974.49,48807.54945,49927.88221,51035.91318,51763.82603
201,394429,"Burlington, VT",201,61546,61748.67,62049.19,62443.29,63997.6249,63016.08933,63262.86609,63659.71773
202,395002,"Prescott, AZ",202,43578.31,44035.1,44525.52,44881.08,44666.86062,45091.35964,45511.72922,45906.93326
203,395114,"Springfield, IL",203,54887.24,54798.52,54969.17,55431.57,56185.24905,55669.79354,55931.13048,56445.28117
204,395174,"Tyler, TX",204,44032.08,43953.97,43981.99,43863.97,44981.36199,44748.53643,44701.23759,44543.20018
205,394773,"Las Cruces, NM",205,38398.91,39036.43,39877.71,40694.95,39358.08344,39972.78771,40760.97347,41625.12029
206,394585,"Fargo, ND",206,52772.47,53501.38,54265.72,54928.56,54020.4676,54352.02956,55215.3701,55933.07232
207,394691,"Houma, LA",207,46444.25,45365.77,44588.24,44035.88,47445.53566,46185.85787,45317.40173,44717.77219
208,395030,"Rochester, MN",208,65241.65,65720.39,66536.1,67357.81,66784.52686,66765.3167,67700.48175,68589.62365
209,394597,"Florence, SC",209,39423.94,39906.68,40389.28,40836.36,40273.87569,40628.0826,41049.77518,41468.70787
210,394848,"Medford, OR",210,44198.3,44645.91,45199.89,45627.89,45302.33747,45716.82099,46201.03605,46670.8132
211,753895,"Lafayette-West Lafayette, IN",211,45571.21,45687.4,46199.65,46974.52,46648.90753,46413.81054,47008.14388,47833.5719
212,394378,"Bellingham, WA",212,52803.9,53343.1,53992.57,54520.43,54122.89833,54622.62845,55188.46778,55766.61126
213,394765,"Lake Havasu City, AZ",213,37389.11,37585.8,37807.76,37913.32,38323.05946,38487.36179,38645.17552,38779.91017
214,395047,"Saginaw, MI",214,43855.35,44549.88,45316.62,46002.16,44892.46976,45258.20445,46109.66085,46843.42976
215,394763,"Lake Charles, LA",215,45436.02,45869.1,46568,47466.55,46415.56935,46698.28669,47329.5372,48201.56585
216,394726,"Johnson City, TN",216,38477.13,38669.94,38910.62,39194.53,39306.65353,39368.98575,39546.93431,39801.45426
217,394565,"Elkhart, IN",217,48716.51,49422.7,50333.11,51275.69,49868.58963,50208.50025,51213.93943,52213.40004
218,395247,"Yuma, AZ",218,39907.39,39983,40083.11,40058.5,40904.24404,40942.06286,40970.92294,40974.12286
219,395011,"Racine, WI",219,53895.6,54242.63,54716.67,55245.1,55170.15811,55105.06512,55674.21173,56255.40108
220,394346,"Athens, GA",220,40756.53,41577.6,42212.41,42497.22,41635.19483,42329.20822,42902.71924,43155.28616
222,395118,"St. Cloud, MN",222,54998.74,55115.4,55517.57,55928.54,56299.38588,55991.7118,56489.12748,56951.33957
223,394681,"Hilton Head Island, SC",223,52254.82,52629.31,52890,52985.01,53381.37499,53580.70262,53754.92232,53805.47878
224,753869,"Bloomington, IL",224,57682.96,57607.57,57551.54,57526.15,59047.08405,58523.50626,58558.69195,58578.16604
226,394960,"Panama City, FL",226,44283.02,44513.6,44784.44,44970.88,45237.71197,45318.28299,45516.81024,45667.25059
227,394748,"Kingston, NY",227,57461.88,57797.13,58290.8,58822.19,59750.81796,58983.44219,59430.96235,59968.07682
228,394519,"Daphne, AL",228,47674.64,48089.35,48745.11,49334.9,48702.45148,48958.67268,49542.24998,50098.84711
229,394623,"Gainesville, GA",229,51026.96,51973.17,53034.87,54041,52127.04371,52912.70142,53902.16141,54877.8207
230,395202,"Warner Robins, GA",230,46111.64,46493.36,47000.6,47486.28,47105.75496,47333.83159,47769.21161,48221.60137
231,394392,"Blacksburg, VA",231,42809.53,43408.38,44038.22,44580.19,43732.45519,44193.08366,44758.38713,45270.51079
232,394716,"Jacksonville, NC",232,46275.18,47093.34,48030.49,48924.99,47272.8207,47944.65757,48815.94364,49682.58968
233,395018,"Redding, CA",233,43060.61,43461.93,43919.33,44382.13,44136.2289,44504.44114,44892.11253,45396.57869
234,394872,"Monroe, LA",234,39779.9,40892.66,41762.45,42270.55,40637.50978,41631.88639,42445.40094,42925.10619
235,394729,"Joplin, MO",235,41782.67,42639.17,43167.65,43224.22,42770.77368,43317.11496,43923.08388,44014.68786
236,394559,"El Centro, CA",236,39639.31,39386.44,39174.39,38959.86,40629.46762,40331.19332,40042.07542,39850.37109
237,395151,"Terre Haute, IN",237,41115.92,41523.66,42189.58,42980.56,42088.25595,42183.86882,42927.89765,43766.5719
238,394896,"Muskegon, MI",238,41893.32,42345.35,42862.05,43299.27,42884.04041,43018.62335,43612.13588,44091.11035
239,394553,"East Stroudsburg, PA",239,61156.49,62410.74,63786.93,65117.84,63592.59915,63691.74862,65034.59611,66386.36935
240,395102,"Sioux City, IA",240,49166.32,49639.83,50219.19,50898.66,50329.03703,50429.08253,51098.02583,51829.47506
241,394651,"Greenville, NC",241,40939.76,41359.86,41877.14,42351.25,41822.37506,42107.53208,42561.96649,43007.05583
242,395210,"Waterloo, IA",242,51781.86,52439.18,53314.5,54425.84,53006.43101,53272.94102,54247.50375,55421.15877
243,394944,"Oshkosh, WI",243,51558.3,52039.34,52644.99,53305.37,52777.58412,52866.74373,53566.27733,54280.19805
244,395246,"Yuba City, CA",244,47450.2,47912.42,48361.72,48735.21,48635.46728,49061.684,49432.89838,49849.15766
245,394299,"Abilene, TX",245,43818.85,43981.57,44442.82,44966.8,44763.53499,44776.63536,45169.60365,45663.10742
246,394485,"Columbia, MO",246,49235.64,49782.31,50390.54,50931.51,50399.99635,50573.8279,51272.37445,51862.92581
247,394539,"Dover, DE",247,54527.2,55032.86,55513.13,55834.81,55702.74494,56027.70217,56420.94897,56699.40771
248,394555,"Eau Claire, WI",248,48504.75,48619.24,48944.24,49424.45,49651.82179,49392.26557,49800.7642,50328.30528
249,394720,"Janesville, WI",249,49524.16,50176.88,50953.26,51785.69,50695.33946,50974.6714,51844.94205,52732.72672
250,394710,"Jackson, MI",250,44580.42,45086.86,45662.64,46154.07,45634.68669,45803.72221,46461.7362,46998.11783
251,395009,"Punta Gorda, FL",251,42803.68,42952.97,43143.49,43255.87,43726.47907,43729.44111,43849.0254,43925.6838
252,394393,"Bloomington, IN",252,43828.32,44497.82,45337.07,46189.21,44864.80054,45205.31672,46130.46873,47033.90046
253,395007,"Pueblo, CO",253,40747.45,40938.32,41166.55,41335.69,41765.28805,41920.2979,42078.36038,42280.50577
254,394386,"Billings, MT",254,50409.77,50825.29,51360.76,51848.18,51668.96492,52044.42433,52498.36502,53033.28126
255,394406,"Bowling Green, KY",255,46089.05,46840.84,47706.01,48472.16,47082.67794,47687.59306,48486.15734,49222.74764
256,394380,"Bend, OR",256,50593.03,51493.44,52524.07,53413.46,51856.80261,52728.60109,53687.44153,54634.33909
257,394306,"Albany, GA",257,37821.82,38777.97,39589.42,40099.87,38637.21579,39478.96864,40236.83488,40720.81338
258,395193,"Vineland, NJ",258,45446.57,45381.14,45341.66,45186.62,47256.8898,46312.60839,46228.53844,46066.87883
259,394917,"Niles, MI",259,43503.58,43836.97,44234.73,44548.72,44532.38088,44533.95948,45008.83778,45363.40981
260,394731,"Kahului, HI",260,66273.24,66727.17,67284.6,67663,67928.69146,68327.73901,68774.90697,69209.58286
262,395125,"State College, PA",262,50854.27,51159.95,51553.08,51900.7,52880.00026,52210.03108,52561.4532,52911.7526
263,394359,"Bangor, ME",263,41932.58,42087.12,42295.5,42652.79,43602.92344,42950.97714,43122.79584,43483.68851
264,394314,"Alexandria, LA",264,39964.19,39926.25,40202.39,40742.35,40825.77287,40648.00637,40859.82892,41373.24214
265,394523,"Decatur, AL",265,43803.16,44355.05,44950.93,45289.96,44747.50673,45156.86684,45686.02289,45991.27152
266,394662,"Hanford, CA",266,43255.89,42920.11,42627.84,42332.15,44336.38684,43949.62463,43572.01693,43299.742
267,394707,"Iowa City, IA",267,57420,59060.36,60621.24,62074.58,58777.90541,59999.39501,61682.1117,63209.77598
268,395036,"Rocky Mount, NC",268,39243.78,40160.95,40908.33,41317.83,40089.83164,40886.9491,41577.31332,41957.6334
269,394873,"Monroe, MI",269,56124.93,56864.51,57693.45,58417.11,57452.20875,57768.63192,58703.08538,59485.41958
270,395223,"Wichita Falls, TX",270,43876.06,43627.64,43737.86,43978.09,44821.97837,44416.30728,44453.11527,44659.08732
271,394428,"Burlington, NC",271,39462.1,39504.06,39630,39707.84,40312.85837,40218.18434,40278.0785,40322.71283
272,394814,"Madera, CA",272,42190.72,42326.63,42513.02,42701.63,43244.60976,43341.90897,43454.65375,43677.66726
273,394723,"Jefferson City, MO",273,50106.66,51199.06,51917.77,52088.27,51291.6148,52013.10363,52826.33098,53040.84019
274,394453,"Chambersburg, PA",274,49702.69,49528.89,49431.61,49284.81,51682.54819,50545.49283,50398.48746,50244.9037
275,395152,"Texarkana, TX",275,40409.86,40609.63,40926.69,41145.71,41281.05101,41343.73999,41595.97357,41782.84813
276,394563,"Elizabethtown, KY",276,48775.37,49317.26,49975.3,50528.06,49826.91197,50208.7799,50792.55756,51310.4831
278,395221,"Wheeling, OH",278,40538.54,40588.99,40976.03,41608.91,41497.22169,41234.33796,41693.11053,42369.8377
279,394598,"Florence, AL",279,41475.64,41381.31,41613.14,41919.63,42369.80803,42129.36984,42293.64924,42568.75222
280,394639,"Grand Junction, CO",280,49147.8,49815.86,50538.19,51194.15,50375.47194,51010.78137,51657.57567,52364.302
282,394537,"Dothan, AL",282,38104.48,38092.54,38352.82,38651.15,38925.96962,38781.14795,38980.01248,39249.66007
283,395066,"Santa Fe, NM",283,51761.52,52333.49,53171.18,53969.81,53054.48053,53588.80117,54348.88456,55203.40566
284,394727,"Johnstown, PA",284,42416.13,42921.75,43505.05,44053.06,44105.73518,43802.7383,44356.00452,44911.23649
286,394671,"Hattiesburg, MS",286,41106.41,41647.03,42341.69,43017.84,41992.61784,42399.89332,43034.11339,43683.96792
287,394515,"Dalton, GA",287,39431.25,40701.41,41716.74,42296.8,40281.34328,41437.17912,42398.94343,42951.76267
288,394860,"Midland, TX",288,74656.15,76530.52,78626.08,80483.68,76265.6524,77913.98051,79911.87035,81729.96355
289,394685,"Homosassa Springs, FL",289,35935.39,35756.41,35605.74,35386.46,36710.11648,36402.78717,36188.00885,35934.41659
290,394351,"Auburn, AL",290,40429.37,40016.78,39788.91,39492.94,41300.98163,40740.1729,40439.58719,40104.48512
291,395182,"Valdosta, GA",291,35875.42,35924.57,36379.25,37168.39,36648.8536,36573.98704,36974.16823,37743.93964
292,394480,"Coeur d'Alene, ID",292,48829.65,48781.08,48716.58,48776.69,50049.37481,49951.18035,49795.61828,49891.58577
293,395117,"Springfield, OH",293,41567.54,41637.5,41801.05,41909.91,42550.55615,42299.51883,42532.56838,42676.34227
294,395119,"St. George, UT",294,49373.03,49698.49,50205.38,50647.1,50606.328,50890.59605,51317.39416,51804.748
295,395079,"Vero Beach, FL",295,45163.98,45865.45,46621.71,47300.87,46137.66448,46694.57071,47384.12554,48033.32031
296,394930,"Odessa, TX",296,57566.13,58274.24,59140.56,59823.08,58807.19085,59327.67737,60107.69917,60749.43576
297,394900,"Napa, CA",297,72580.34,73556.8,74632.98,75721.88,74393.33767,75321.18974,76286.04847,77452.66583
299,394368,"Battle Creek, MI",299,45062.58,45723.62,46457.78,47108.03,46128.24912,46450.60643,47270.79115,47969.52348
302,395013,"Rapid City, SD",302,49318.32,49634.3,49960.3,50318.94,50484.63162,50423.4646,50834.60525,51239.15337
303,394595,"Flagstaff, AZ",303,49226.66,49588.13,49984.74,50228.47,50456.3018,50777.58887,51091.86714,51376.54931
305,395215,"Wausau, WI",305,52654.11,53013.53,53497.46,54034.89,53899.30855,53856.42295,54433.66555,55023.05923
306,394756,"La Crosse, WI",306,50008.33,50436.96,50809.37,51013.18,51190.95943,51238.88656,51698.53398,51946.08936
307,394783,"Lebanon, PA",307,53877.98,53968.99,54148.24,54276.78,56024.1568,55076.72789,55207.37428,55334.11987
308,394703,"Idaho Falls, ID",308,49768.24,50044.38,50310.05,50709.34,51011.41002,51244.78283,51424.38253,51868.41063
309,395098,"Sierra Vista, AZ",309,45048.1,45480.94,45947.82,46275.14,46173.36478,46571.88066,46965.53217,47332.85749
310,394983,"Pittsfield, MA",310,49357.75,49843.53,50515.76,51126.97,51323.86784,50866.59096,51503.84333,52122.94994
311,394780,"Lawton, OK",311,46181.02,47056.41,48113.41,48985.48,47176.63071,47907.05998,48900.21965,49744.01637
312,394588,"Farmington, NM",312,47427.97,48203.99,49231.33,50228.71,48612.68199,49360.24782,50321.76963,51376.7948
313,394712,"Jackson, TN",313,39704.4,40094.14,40534.21,41019.13,40560.38209,40818.93136,41197.07525,41654.30805
314,394879,"Morgantown, WV",314,42011.48,41901.85,41893.78,41889.42,42917.20013,42659.31976,42578.87861,42538.07443
315,394633,"Glens Falls, NY",315,51808.61,51492.02,51736.77,52481.26,53872.35546,52548.91696,52748.73616,53503.62221
316,395232,"Winchester, VA",316,51845.35,52249.08,52801.75,53375.27,52963.07728,53193.59911,53665.22915,54201.78192
317,395120,"St. Joseph, MO",317,46353.96,47060.2,47783.17,48411.46,47450.16851,47808.43749,48619.37548,49296.79011
318,394321,"Altoona, PA",318,43369.45,43770.09,44247.96,44688.51,45097.02975,44668.49086,45113.44577,45559.06539
319,394905,"New Bern, NC",319,42859.88,42781.33,42815.12,42820.47,43783.89068,43554.69833,43515.28549,43483.54166
320,394442,"Carbondale, IL",320,40187.43,40825.56,41491.6,42191.21,41137.80841,41474.66932,42217.703,42962.78658
322,394800,"Logan, ID",322,50111.43,51090.73,52047.25,52742.15,51363.17263,52316.23138,53200.0603,53947.68486
323,394668,"Harrisonburg, VA",323,50562.64,50931.01,51353.74,51696.61,51652.7135,51851.70205,52193.53951,52497.128
324,394374,"Beckley, WV",324,39163.6,39359.75,39619.97,39848.33,40007.92305,40071.26561,40267.88447,40465.3783
325,394824,"Mansfield, OH",325,41041.28,41339.05,41734.02,42077.65,42011.85081,41996.3236,42464.36535,42847.14983
326,395217,"Weirton, OH",326,43069.81,44444.2,45317.86,45492.78,44088.3528,45150.84418,46110.92255,46324.73441
327,394635,"Goldsboro, NC",327,36368.84,36074.4,35848.48,35572.28,37152.91118,36726.52555,36434.71843,36123.114
329,394661,"Hammond, LA",329,40324.44,40516.16,40803.63,41111.78,41193.78945,41248.58031,41470.90114,41748.39273
330,394728,"Jonesboro, AR",330,40330.3,40376.95,40811.98,41481.32,41199.77579,41106.85378,41479.38769,42123.65503
331,395094,"Sherman, TX",331,50407.61,51459.6,52660.52,53704.28,51494.34123,52389.84749,53521.68958,54535.88662
332,394333,"Anniston, AL",332,40154.16,40904.9,41869,42783.94,41019.83841,41644.34766,42553.69338,43446.446
333,395128,"Staunton, VA",333,51802.02,52320,52896.73,53393.24,52918.81313,53265.80115,53761.76238,54220.03019
334,394893,"Muncie, IN",334,38422.51,38938.82,39615.04,40315.63,39331.15044,39557.93095,40308.3032,41052.90669
335,394890,"Mount Vernon, WA",335,50542.78,50526.74,50603.8,50558.68,51805.2974,51738.71309,51724.63888,51714.30697
336,394307,"Albany, OR",336,43244.87,43339.64,43531,43596.48,44325.09157,44379.2178,44495.1813,44592.97097
337,395213,"Watertown, NY",337,49609.43,50511.75,51563.76,52659.07,51585.57327,51548.52648,52572.3421,53684.89604
338,395225,"Williamsport, PA",338,44944.8,45058.75,45247.03,45393.42,46735.13228,45983.60119,46132.05748,46277.7074
339,394474,"Cleveland, TN",339,40735.04,41013.51,41317.13,41638.28,41613.24153,41754.92103,41992.79852,42283.04554
340,395089,"Sheboygan, WI",340,53138.89,53666.91,54324.04,55038.16,54395.55294,54520.19141,55274.7107,56044.67664
341,394390,"Bismarck, ND",341,61578.3,62544.57,63853.96,65445.72,63034.54358,63539.00249,64971.4043,66642.56608
342,394949,"Owensboro, KY",342,42302.24,41859.34,41650.55,41502.89,43214.22859,42616.0413,42331.67101,42145.55904
345,394880,"Morristown, TN",345,38225.85,38409.82,38635.31,38897.19,39049.95622,39104.1635,39267.1221,39499.50998
346,394734,"Kankakee, IL",346,56448.51,57710.81,59007.85,60344.83,57783.44098,58628.38773,60040.48738,61448.39298
347,394423,"Brunswick, GA",347,44795.75,45839.84,46834.21,47607.23,45761.49585,46668.49775,47600.1006,48344.42427
349,395054,"San Angelo, TX",349,44965.31,45054.04,45390.58,45726.64,45934.71138,45868.49265,46132.86258,46434.71348
350,394857,"Michigan City, IN",350,45350.88,45521.81,45869.02,46234.3,46423.36703,46245.58773,46671.72785,47079.81505
352,395218,"Wenatchee, WA",352,50089.81,50626.74,51308.38,51918.56,51341.01258,51841.11176,52444.82484,53105.26994
353,394778,"Lawrence, KS",353,48661.09,48531.89,48460.71,48606.3,49811.85902,49303.52674,49308.77243,49495.19327
354,394524,"Decatur, IL",354,46524.22,47207.91,47914.41,48649.46,47624.45493,47958.49602,48752.91218,49539.14256
355,394867,"Missoula, MT",355,44225.44,44228.55,44326.65,44375.36,45330.1554,45289.44988,45308.45439,45389.65394
357,394369,"Bay City, MI",357,45591.18,46401.89,47289.48,48093.45,46669.3498,47139.66064,48117.0459,48972.96446
358,394788,"Lewiston, ME",358,46913.94,47578.11,48311.86,49224.1,48782.71105,48554.67219,49256.83526,50183.01104
360,395139,"Sumter, SC",360,37307.87,36838.93,36404.64,35980.56,38112.18561,37504.87615,36999.97344,36537.71619
365,394794,"Lima, OH",365,42434.41,42572.84,42808.21,42988.54,43437.92645,43249.73034,43557.35368,43774.69784
367,753872,"California-Lexington Park, MD",367,84847.72,85840.8,86962.92,88016.56,86676.94116,87392.56467,88385.04461,89379.48962
368,394620,"Gadsden, AL",368,39575.74,40117.26,40863.96,41559.04,40428.94833,40842.4693,41532.21773,42202.57852
369,394513,"Cumberland, MD",369,37610.73,38429.64,39019.26,39259.47,38421.57493,39124.34179,39657.35092,39867.39985
370,394804,"Longview, WA",370,42750.46,42381.47,42082.91,41677.15,43818.33161,43398.0644,43015.01711,42629.77057
372,394599,"Fond du Lac, WI",372,51811.84,51685.04,51670.76,51700.36,53037.12,52506.81051,52574.9983,52645.83624
373,394709,"Ithaca, NY",373,51679.98,52400.79,53272.92,54186.31,53738.60161,53476.33988,54314.93311,55241.88747
375,394630,"Gettysburg, PA",375,60578.22,61175.74,61881.83,62536.21,62991.29432,62431.39969,63092.23254,63754.44786
376,394980,"Pine Bluff, AR",376,33822.71,33745.82,33836.66,33947.85,34551.88949,34355.85126,34389.99868,34473.52983
382,395080,"Sebring, FL",382,35443.64,35884.45,36365.98,36785.93,36207.76491,36533.14178,36960.68123,37355.55728
385,394637,"Grand Forks, MN",385,48548.51,49260.33,50080.49,50876.42,49696.61666,50043.54864,50956.89857,51806.82835
387,394580,"Fairbanks, AK",387,68691.04,69475.53,70314.91,70798.52,70406.88613,71142.02328,71872.33623,72416.77189
388,394928,"Ocean City, NJ",388,56760.19,56858.46,56992.91,56984.45,59021.17682,58025.50557,58107.68575,58094.53669
389,394823,"Mankato, MN",389,53460.83,53773.29,54280.58,54704.53,54725.10639,54628.26281,55230.49015,55704.94534
390,395038,"Rome, GA",390,40622.69,41337.47,42143.35,42904.49,41498.46939,42084.73733,42832.52989,43568.86271
391,394441,"Cape Girardeau, MO",391,43515.17,43978.44,44601.75,45290.19,44544.24497,44677.67879,45382.28063,46118.43953
392,394689,"Hot Springs, AR",392,40226.48,40681.81,41305.3,41914.4,41093.71755,41417.22481,41980.77506,42563.44124
396,395190,"Victoria, TX",396,49796.1,49966.71,50264.57,50400.63,50869.64776,50869.97016,51086.55806,51181.07985
398,394542,"Dubuque, IA",398,54836.07,55603.74,56511.1,57565.09,56132.86895,56487.8162,57500.04425,58617.81816
399,395153,"The Villages, FL",399,50162.46,50669.26,51231.28,51704.99,51243.90607,51585.22033,52069.07689,52505.63777
401,394821,"Manhattan, KS",401,49482.36,49986.75,50534.28,51288.75,50652.55095,50781.51841,51418.6299,52226.69888
402,394964,"Parkersburg, WV",402,41231.63,41560.01,41982.12,42398.24,42120.53745,42311.30024,42668.66325,43054.77346
405,394462,"Cheyenne, WY",405,57114.56,57411.05,57744.99,57933.4,58541.2351,58788.15542,59024.00126,59257.592
410,394325,"Ames, IA",410,45971.33,45982.58,46095.48,46314.62,47058.48983,46713.68378,46902.1509,47161.60391
414,394568,"Elmira, NY",414,49120.68,49783.41,50589.5,51434.41,51077.35439,50805.23697,51579.02567,52436.37903
422,394505,"Corvallis, OR",422,50979.49,51941.28,53035.47,53987.76,52252.91606,53187.18333,54210.16868,55221.76594
423,394395,"Bloomsburg, PA",423,49096.93,49228.94,49757.05,50590.53,51052.65833,50239.38622,50730.29303,51576.05981
428,394859,"Midland, MI",428,48984.57,49106.64,49296.01,49388.78,50142.98889,49887.41503,50158.69018,50291.98296
430,394988,"Pocatello, ID",430,43311.54,43765.71,44213.62,44781.13,44393.42693,44815.50784,45192.92085,45804.69869
431,394755,"Kokomo, IN",431,45707.35,46570.61,47631.2,48726.85,46788.26706,47311.06321,48464.746,49617.94784
432,394641,"Grants Pass, OR",432,36532.33,36732.9,37017.7,37197.08,37444.87779,37614.00347,37837.61624,38047.29897
435,394638,"Grand Island, NE",435,48642.42,49298.34,50090.34,50936.37,49792.7475,50082.16298,50966.92095,51867.87469
437,394516,"Danville, IL",437,41619.79,41657.99,41707.23,41774.99,42604.04179,42320.33461,42437.10653,42538.9549
439,394644,"Great Falls, MT",439,41805.76,42008.31,42305.82,42560.11,42850.03377,43015.9535,43242.86441,43532.91251
448,394682,"Hinesville, GA",448,42596.39,42967.7,43547.35,44210.16,43514.72013,43744.43739,44259.48982,44894.7509
456,394489,"Columbus, IN",456,52398.32,52693.67,53195.47,53720.54,53637.46946,53531.47731,54126.39073,54702.96052
459,394445,"Casper, WY",459,55946.29,56248.66,56588.04,56785.01,57343.78267,57597.88344,57841.42563,58082.95309
511,395199,"Walla Walla, WA",511,49423.79,50277.62,51220.11,52027.14,50658.35595,51483.6175,52354.59972,53216.33177
524,394787,"Lewiston, ID",524,44574.95,44569.6,44919.41,45678.65,45688.39588,45638.68056,45914.34361,46722.73343
551,394444,"Carson City, NV",551,44104.15,43945.47,43815.64,43534.75,45205.83568,44999.5797,44786.12587,44529.83
