State FIPS Code,County FIPS Code,"Poverty Estimate, All Ages",Median Household Income
1,0,905682,42917
1,1,7204,54366
1,3,25696,49626
1,5,5943,34971
1,7,3666,39546
1,9,10000,45567
1,11,3179,26580
1,13,4988,32512
1,15,23114,41123
1,17,7170,34116
1,19,4768,38013
1,21,7874,41450
1,23,3293,35049
1,25,6137,36620
1,27,2592,35940
1,29,2527,40418
1,31,8407,46931
1,33,9022,43057
1,35,3846,29101
1,37,1976,34679
1,39,7778,36149
1,41,2929,34445
1,43,13809,39922
1,45,10865,41940
1,47,14470,26602
1,49,16856,36241
1,51,10867,54298
1,53,8639,37077
1,55,19291,39904
1,57,3425,35664
1,59,7222,33881
1,61,6303,34425
1,63,2819,26504
1,65,4182,33315
1,67,2925,39930
1,69,20643,40124
1,71,11440,36923
1,73,125778,44852
1,75,2856,34553
1,77,17041,41324
1,79,5499,41574
1,81,37752,41256
1,83,11912,51175
1,85,3285,30675
1,87,5649,28518
1,89,48750,58833
1,91,5071,32977
1,93,5925,37707
1,95,20528,36536
1,97,80016,42943
1,99,5484,34733
1,101,48844,43054
1,103,17665,45082
1,105,4246,27403
1,107,4667,31933
1,109,8237,31844
1,111,4512,36939
1,113,12309,35585
1,115,12071,50571
1,117,19610,69432
1,119,4692,25413
1,121,17499,39999
1,123,8633,36779
1,125,34553,46892
1,127,15161,37245
1,129,3077,41321
1,131,3697,24035
1,133,4796,35528
2,0,81622,70898
2,13,544,55462
2,16,549,68387
2,20,29207,75200
2,50,4166,45808
2,60,89,75364
2,68,133,69692
2,70,867,51082
2,90,9011,67801
2,100,252,67260
2,105,397,51687
2,110,2500,80835
2,122,6472,62532
2,130,1685,57776
2,150,1146,67972
2,164,288,45570
2,170,10243,73981
2,180,2509,47160
2,185,1112,75682
2,188,1771,65192
2,195,276,56655
2,198,1105,43245
2,220,750,65765
2,230,37,69170
2,240,949,59641
2,261,931,73998
2,270,2845,30877
2,275,280,52201
2,282,94,52595
2,290,1416,36708
4,0,1195889,50036
4,1,23458,32366
4,3,22879,45025
4,5,27154,48653
4,7,12683,37677
4,9,6907,46046
4,11,955,59416
4,12,4545,32533
4,13,687643,53929
4,15,41178,37704
4,17,30157,35457
4,19,183590,45871
4,21,66073,49876
4,23,10966,37465
4,25,33589,44145
4,27,44112,39700
5,0,539999,41335
5,1,3735,36409
5,3,4707,36176
5,5,6021,37873
5,7,28436,57408
5,9,6206,39779
5,11,3012,32734
5,13,902,39493
5,15,4909,36964
5,17,3357,29541
5,19,4285,38504
5,21,2981,33826
5,23,3831,40555
5,25,1393,43201
5,27,5363,37495
5,29,3797,42348
5,31,21974,42851
5,33,10152,43466
5,35,13323,35455
5,37,3779,38597
5,39,1544,34018
5,41,3325,33028
5,43,4249,36801
5,45,17140,51436
5,47,3066,40404
5,49,2700,33347
5,51,17929,40621
5,53,2382,46067
5,55,6994,42572
5,57,5383,33136
5,59,5815,37831
5,61,2497,37336
5,63,6695,41085
5,65,2756,32744
5,67,3864,32427
5,69,18042,35927
5,71,4991,34923
5,73,1916,32225
5,75,3742,34916
5,77,3181,28006
5,79,2958,37644
5,81,2256,37691
5,83,4532,36391
5,85,8704,54459
5,87,2803,39158
5,89,3292,33181
5,91,8756,40877
5,93,11744,33577
5,95,2103,30682
5,97,1801,34597
5,99,2147,30935
5,101,1574,35895
5,103,5617,34971
5,105,1751,40556
5,107,6950,28171
5,109,2161,36893
5,111,5239,35851
5,113,4399,33127
5,115,10868,39909
5,117,1526,39896
5,119,61892,45698
5,121,3141,37761
5,123,7607,30489
5,125,9909,55915
5,127,2501,33202
5,129,1828,31765
5,131,27549,39907
5,133,3514,37014
5,135,3603,32101
5,137,3010,30010
5,139,9184,40841
5,141,3647,32975
5,143,41097,45589
5,145,14506,42044
5,147,1707,29969
5,149,3749,37080
6,0,6253423,61927
6,1,197984,76996
6,3,211,53003
6,5,4313,54610
6,7,48151,42302
6,9,6057,53321
6,11,3030,48006
6,13,115466,80338
6,15,5388,41419
6,17,20715,70235
6,19,261387,43338
6,21,4723,43755
6,23,27609,40581
6,25,40162,38737
6,27,2533,49267
6,29,206604,47451
6,31,33174,44490
6,33,15387,36333
6,35,4473,49995
6,37,1863025,55686
6,39,32542,43171
6,41,22272,94549
6,43,2830,47781
6,45,16256,42840
6,47,64585,43818
6,49,1770,39172
6,51,1558,59181
6,53,70259,57428
6,55,12317,71063
6,57,11193,57118
6,59,400252,76061
6,61,30490,75689
6,63,2556,47964
6,65,392706,56877
6,67,264955,55803
6,69,8162,68166
6,71,422405,51951
6,73,467248,66034
6,75,101313,83788
6,77,145167,51527
6,79,38048,61775
6,81,56580,100806
6,83,73600,62116
6,85,159553,97219
6,87,42076,64257
6,89,26016,43661
6,91,409,47293
6,93,9076,38641
6,95,51638,67106
6,97,55742,66949
6,99,95456,50917
6,101,14485,51827
6,103,11358,40782
6,105,2577,34961
6,107,127305,42360
6,109,7177,49476
6,111,95912,74967
6,113,39493,54509
6,115,15693,41403
8,0,632987,61324
8,1,61384,59316
8,3,3385,38140
8,5,68849,65359
8,7,1782,44508
8,9,711,36294
8,11,1278,35424
8,13,40299,71546
8,14,2464,85885
8,15,2114,48840
8,17,243,52273
8,19,769,69115
8,21,1888,33998
8,23,1015,27882
8,25,1244,32570
8,27,624,48368
8,29,4574,45283
8,31,103412,54872
8,33,304,44235
8,35,11740,107250
8,37,4116,76661
8,39,1408,83603
8,41,78363,59286
8,43,7282,41385
8,45,5777,62529
8,47,459,64752
8,49,1511,59379
8,51,2216,48940
8,53,78,51241
8,55,1385,32750
8,57,232,45073
8,59,45482,70687
8,61,187,42310
8,63,1080,46394
8,65,1158,46765
8,67,5549,60658
8,69,40447,57659
8,71,2314,39625
8,73,814,41248
8,75,3296,45439
8,77,22155,50106
8,79,62,51257
8,81,1439,56193
8,83,4157,44163
8,85,6257,46336
8,87,3718,47631
8,89,4686,33043
8,91,444,57242
8,93,1525,58487
8,95,494,47006
8,97,1228,73274
8,99,2444,39184
8,101,29845,41382
8,103,700,63184
8,105,2087,40593
8,107,1997,66846
8,109,1842,31227
8,111,111,40006
8,113,774,59603
8,115,323,44562
8,117,2831,68352
8,119,2202,62380
8,121,524,45784
8,123,28515,61501
8,125,1394,46838
9,0,375281,70007
9,1,83132,85336
9,3,106078,65809
9,5,14015,73413
9,7,12636,76365
9,9,108729,60387
9,11,28868,65813
9,13,10253,78653
9,15,11570,57547
10,0,118032,59853
10,1,23484,54271
10,3,65642,64632
10,5,28907,53316
11,0,114790,69992
11,1,114790,69992
12,0,3231142,47439
12,1,52756,44325
12,3,4826,47121
12,5,27165,44800
12,7,5287,39980
12,9,79657,47973
12,11,268418,51485
12,13,2800,35256
12,15,19704,43242
12,17,27449,36383
12,19,21658,58539
12,21,49211,58403
12,23,13604,38484
12,27,9434,36945
12,29,3911,32121
12,31,159748,46013
12,33,44320,46139
12,35,11775,51556
12,37,2507,36788
12,39,11119,35849
12,41,3139,40788
12,43,2559,38783
12,45,2836,38419
12,47,3653,31734
12,49,7642,35371
12,51,9581,38494
12,53,26629,40094
12,55,18898,35787
12,57,217968,50758
12,59,4743,35651
12,61,21098,47548
12,63,9787,36876
12,65,2285,40205
12,67,1791,38071
12,69,42954,46895
12,71,107493,49147
12,73,62734,45463
12,75,8323,37433
12,77,1544,38473
12,79,4567,33017
12,81,49017,51673
12,83,58576,39860
12,85,18091,55472
12,86,535148,42754
12,87,10626,57411
12,89,8859,56728
12,91,23680,55952
12,93,9472,37065
12,95,222654,47069
12,97,59222,42945
12,99,204862,52225
12,101,70125,45219
12,103,139881,45162
12,105,112539,42768
12,107,20167,32054
12,109,17572,66560
12,111,49752,42722
12,113,17564,58587
12,115,42343,52109
12,117,51782,56443
12,119,11528,51907
12,121,9559,38177
12,123,4475,36374
12,125,2515,40207
12,127,87670,40881
12,129,4185,51642
12,131,9357,46867
12,133,4348,36482
13,0,1802783,49240
13,1,4495,36642
13,3,2163,31740
13,5,2837,34201
13,7,886,43115
13,9,11809,37008
13,11,3077,46018
13,13,9440,49698
13,15,14398,51440
13,17,4881,31081
13,19,4923,35078
13,21,41742,36014
13,23,2668,40454
13,25,3973,36865
13,27,4410,32903
13,29,4012,66556
13,31,20890,36315
13,33,6968,35055
13,35,4474,41505
13,37,1838,30760
13,39,5980,51793
13,43,3069,31829
13,45,24983,43442
13,47,8217,50728
13,49,2946,34312
13,51,48234,50154
13,53,1606,45933
13,55,4944,34830
13,57,21331,71168
13,59,41889,31487
13,61,1132,27512
13,63,60123,42985
13,65,1919,31577
13,67,93604,66970
13,69,11140,33125
13,71,11982,33509
13,73,13098,68067
13,75,4438,32408
13,77,16804,60809
13,79,2437,43111
13,81,7327,31176
13,83,2519,42953
13,85,2671,57491
13,87,7244,33968
13,89,144818,50597
13,91,4952,32293
13,93,3731,31103
13,95,28119,32150
13,97,19423,54581
13,99,3089,34906
13,101,1078,34444
13,103,6031,61195
13,105,4101,35351
13,107,7134,30119
13,109,2792,33293
13,111,4612,37813
13,113,7479,79069
13,115,19408,41814
13,117,12863,86413
13,119,5227,38055
13,121,168027,55516
13,123,5623,40010
13,125,574,39643
13,127,15666,46737
13,129,9800,43880
13,131,6583,35237
13,133,3984,42823
13,135,116888,59858
13,137,6320,40994
13,139,31582,52238
13,141,2585,26309
13,143,5300,40387
13,145,3071,66249
13,147,5284,38564
13,149,2174,41348
13,151,29088,60388
13,153,25310,53027
13,155,2133,35955
13,157,8283,51931
13,159,2424,41818
13,161,3635,35235
13,163,4154,30835
13,165,2727,30678
13,167,2418,29818
13,169,4119,51749
13,171,3605,40339
13,173,2417,37113
13,175,11903,35807
13,177,3331,64533
13,179,10742,41682
13,181,1354,39484
13,183,3666,43193
13,185,26225,38887
13,187,5297,44653
13,189,5817,37413
13,191,3290,37603
13,193,4054,29430
13,195,5534,45557
13,197,2255,36055
13,199,4931,37243
13,201,1460,35276
13,205,6693,32711
13,207,3815,53542
13,209,1860,36436
13,211,2673,50295
13,213,7283,40976
13,215,42237,41783
13,217,19738,48058
13,219,2755,80631
13,221,2291,46840
13,223,15777,63964
13,225,5589,40550
13,227,3655,51047
13,229,3540,40526
13,231,2405,50395
13,233,8351,38847
13,235,2453,36128
13,237,3967,42125
13,239,682,29477
13,241,3287,38449
13,243,2496,25807
13,245,49562,36012
13,247,14983,48287
13,249,1035,39601
13,251,3584,34012
13,253,2258,37672
13,255,17205,35555
13,257,5184,36870
13,259,1664,27635
13,261,9996,34017
13,263,1513,33370
13,265,545,28716
13,267,5833,34010
13,269,2114,32815
13,271,4274,29244
13,273,2632,34604
13,275,10827,36973
13,277,11178,36303
13,279,6586,34008
13,281,1817,39453
13,283,1752,32536
13,285,13099,41141
13,287,2472,32171
13,289,2309,36886
13,291,3260,40667
13,293,6661,34867
13,295,13348,39078
13,297,13499,52082
13,299,9595,34288
13,301,1573,31623
13,303,5734,36137
13,305,7032,41093
13,307,603,33893
13,309,2103,30264
13,311,4606,42126
13,313,21240,43731
13,315,2113,32722
13,317,2617,32042
13,319,2130,34512
13,321,4692,40382
15,0,158266,69549
15,1,34598,51887
15,3,93994,73985
15,7,8570,58883
15,9,21103,64916
16,0,237604,47572
16,1,48083,57908
16,3,569,40777
16,5,14116,44324
16,7,795,45504
16,9,1418,46277
16,11,6720,47292
16,13,2262,63490
16,15,1057,50874
16,17,6686,45193
16,19,16643,51440
16,21,1817,42720
16,23,385,42907
16,25,133,49569
16,27,35950,43489
16,29,778,55770
16,31,3615,45078
16,33,150,45979
16,35,1308,41304
16,37,645,42704
16,39,3656,45049
16,41,1393,50545
16,43,1872,45578
16,45,2645,41688
16,47,2560,44669
16,49,2565,39551
16,51,3093,52428
16,53,3543,46513
16,55,18765,49061
16,57,7008,43482
16,59,1392,37869
16,61,523,39918
16,63,742,44046
16,65,10050,36065
16,67,3403,46332
16,69,5689,46214
16,71,573,46503
16,73,2645,38478
16,75,3213,45533
16,77,1183,48048
16,79,2310,36577
16,81,1198,57644
16,83,11553,44236
16,85,1142,49380
16,87,1757,35955
17,0,1802337,57458
17,1,9185,46061
17,3,2491,30699
17,5,2463,49886
17,7,5447,58792
17,9,665,50225
17,11,4369,52138
17,13,587,49689
17,15,1821,50750
17,17,1702,46289
17,19,43210,47966
17,21,4639,46870
17,23,2213,50645
17,25,1811,45709
17,27,3554,60556
17,29,11228,41319
17,31,883001,55058
17,33,2721,45889
17,35,1298,49567
17,37,14452,56536
17,39,1735,55193
17,41,1957,52526
17,43,72895,80037
17,45,2636,45485
17,47,756,46894
17,49,3987,52578
17,51,3495,41268
17,53,1604,50877
17,55,7684,37758
17,57,5453,44435
17,59,917,41045
17,61,2118,39738
17,63,4261,70092
17,65,1149,49790
17,67,2126,48767
17,69,847,37331
17,71,802,50999
17,73,5501,51025
17,75,4486,46895
17,77,16945,34395
17,79,1045,52919
17,81,7046,43073
17,83,2505,52493
17,85,2352,51282
17,87,1751,45773
17,89,55787,72131
17,91,15667,56326
17,93,6477,90640
17,95,9289,38992
17,97,64993,78001
17,99,14686,51205
17,101,2521,41759
17,103,3479,54472
17,105,4115,53918
17,107,3178,54353
17,109,6549,42684
17,111,20905,76856
17,113,23326,60460
17,115,17003,47575
17,117,5868,48544
17,119,34436,54375
17,121,7004,44289
17,123,1255,53732
17,125,2014,46878
17,127,3029,40590
17,129,1245,61388
17,131,1511,54916
17,133,1710,73684
17,135,4577,45288
17,137,4832,46406
17,139,1705,52790
17,141,5856,57126
17,143,30408,52448
17,145,3200,42032
17,147,1206,65971
17,149,2338,39005
17,151,799,40722
17,153,1332,33943
17,155,512,62024
17,157,3949,47862
17,159,2284,43396
17,161,23015,48024
17,163,49691,50155
17,165,4983,38329
17,167,29897,55371
17,169,954,47092
17,171,614,51584
17,173,2539,48994
17,175,677,50219
17,177,6417,48569
17,179,12112,60490
17,181,3079,40957
17,183,14555,42036
17,185,1690,49385
17,187,2261,44180
17,189,1441,54683
17,191,2457,46839
17,193,1963,46927
17,195,6771,49895
17,197,54720,75176
17,199,10271,46322
17,201,47864,47708
17,203,2411,70127
18,0,968437,49384
18,1,5273,50172
18,3,54597,48651
18,5,9338,54101
18,7,1102,46196
18,9,1821,39563
18,11,4409,68352
18,13,1908,52582
18,15,2137,55318
18,17,5170,44430
18,19,11945,52050
18,21,3791,44385
18,23,3992,49945
18,25,1894,40657
18,27,4433,47670
18,29,5688,59280
18,31,3404,50258
18,33,4224,51911
18,35,23985,39449
18,37,3312,53211
18,39,27469,50192
18,41,3765,40122
18,43,8644,53186
18,45,2393,45168
18,47,2522,54086
18,49,2631,44762
18,51,3871,46466
18,53,12684,40234
18,55,4989,41077
18,57,14813,89861
18,59,4907,68334
18,61,3858,56787
18,63,9634,70358
18,65,7012,41955
18,67,13655,47433
18,69,3768,49832
18,71,6379,48368
18,73,3340,55190
18,75,4154,38663
18,77,4913,45964
18,79,4814,43783
18,81,14711,58833
18,83,6141,44077
18,85,9235,54068
18,87,4146,52003
18,89,85233,50774
18,91,18671,46243
18,93,5622,45232
18,95,20564,44730
18,97,194803,42700
18,99,5041,52508
18,101,1351,48381
18,103,5543,41065
18,105,30812,43841
18,107,4544,46945
18,109,7917,54849
18,111,1607,51285
18,113,5159,50997
18,115,659,51403
18,117,3463,39572
18,119,3180,46001
18,121,2719,42056
18,123,2754,44623
18,125,1393,47217
18,127,16369,63030
18,129,2703,59975
18,131,1806,43770
18,133,4341,49467
18,135,4003,41577
18,137,2980,52491
18,139,2387,47418
18,141,44228,46388
18,143,4106,41649
18,145,5142,54831
18,147,1908,54468
18,149,3552,43740
18,151,4208,50078
18,153,3158,43933
18,155,1793,47606
18,157,37311,46276
18,159,1448,55008
18,161,988,47410
18,163,30984,42622
18,165,2135,44388
18,167,19910,41260
18,169,4621,45151
18,171,811,55925
18,173,4926,65793
18,175,4455,43573
18,177,11570,40929
18,179,2916,51182
18,181,2680,50731
18,183,3088,59266
19,0,368678,53816
19,1,751,48216
19,3,466,51929
19,5,1701,45229
19,7,2191,40422
19,9,626,50014
19,11,2220,61931
19,13,18419,51331
19,15,2671,54186
19,17,1734,62438
19,19,2208,55781
19,21,2415,50719
19,23,1454,52273
19,25,1261,49456
19,27,2001,52367
19,29,1717,46159
19,31,1432,61423
19,33,5047,49569
19,35,1099,52894
19,37,1183,50788
19,39,1305,45413
19,41,1858,51514
19,43,1878,49018
19,45,6050,48528
19,47,1965,50370
19,49,4745,79173
19,51,1330,46750
19,53,1586,36742
19,55,1532,55958
19,57,6208,45292
19,59,1234,56551
19,61,10654,55320
19,63,1074,47342
19,65,2807,45522
19,67,2010,48292
19,69,1234,51045
19,71,804,54154
19,73,1192,49125
19,75,812,61215
19,77,1304,49507
19,79,1400,53691
19,81,914,57682
19,83,1916,53277
19,85,1540,52824
19,87,2487,50347
19,89,1124,49837
19,91,956,49696
19,93,754,53905
19,95,1211,58234
19,97,2172,50299
19,99,3923,52750
19,101,2673,41094
19,103,21391,59946
19,105,2232,51558
19,107,1362,48316
19,109,1442,52967
19,111,5991,44719
19,113,19779,62700
19,115,1216,50924
19,117,1376,42582
19,119,906,61750
19,121,1357,62230
19,123,2797,48584
19,125,3538,57046
19,127,5113,50244
19,129,1384,59399
19,131,1209,52616
19,133,1254,43178
19,135,916,44705
19,137,1961,42046
19,139,4799,54441
19,141,1417,55968
19,143,557,51423
19,145,2056,46927
19,147,1001,50600
19,149,1863,62745
19,151,897,49625
19,153,58971,61028
19,155,11120,51947
19,157,2063,52791
19,159,804,42854
19,161,1060,49513
19,163,20437,54959
19,165,1118,55637
19,167,2405,60205
19,169,16276,52128
19,171,2210,54957
19,173,793,46501
19,175,1560,44905
19,177,1063,42555
19,179,5709,42414
19,181,2925,67342
19,183,2210,56243
19,185,1050,42006
19,187,5550,43490
19,189,1056,50703
19,191,1747,55984
19,193,15151,45641
19,195,823,50286
19,197,1511,50108
20,0,381506,52392
20,1,2267,39196
20,3,1107,45368
20,5,2666,44199
20,7,600,51676
20,9,4739,46942
20,11,2637,38430
20,13,1680,45781
20,15,7194,60123
20,17,334,47025
20,19,555,39120
20,21,3573,40686
20,23,303,41797
20,25,270,47650
20,27,887,53131
20,29,1250,42697
20,31,905,55705
20,33,213,45353
20,35,5086,45180
20,37,7764,38491
20,39,389,41434
20,41,2115,47493
20,43,1109,47599
20,45,20961,49246
20,47,314,49256
20,49,461,36471
20,51,3646,49508
20,53,670,46961
20,55,6871,48609
20,57,5106,51144
20,59,3328,50745
20,61,4966,41193
20,63,277,50886
20,65,304,45341
20,67,844,60279
20,69,497,58543
20,71,138,52795
20,73,1048,39732
20,75,333,47709
20,77,733,50525
20,79,4265,55074
20,81,436,59596
20,83,166,52394
20,85,1377,53796
20,87,1745,56927
20,89,407,44101
20,91,37315,76104
20,93,465,53484
20,95,836,53378
20,97,302,46318
20,99,3754,40822
20,101,183,53739
20,103,7856,65549
20,105,395,44896
20,107,1388,44520
20,109,266,49852
20,111,5721,43038
20,113,2478,57878
20,115,1360,47723
20,117,1094,47901
20,119,494,53903
20,121,3061,63924
20,123,674,48645
20,125,5888,42221
20,127,703,44774
20,129,335,55378
20,131,974,54149
20,133,2804,41527
20,135,301,51923
20,137,639,44846
20,139,2021,52749
20,141,470,38848
20,143,620,52744
20,145,817,47351
20,147,621,45856
20,149,2262,65373
20,151,974,54701
20,153,299,44932
20,155,9577,46533
20,157,594,42381
20,159,1369,49152
20,161,13379,46468
20,163,608,48383
20,165,379,43083
20,167,913,45443
20,169,7044,48460
20,171,411,56032
20,173,73532,51175
20,175,3617,47381
20,177,26058,52795
20,179,273,52300
20,181,968,43100
20,183,500,41303
20,185,594,45945
20,187,236,56591
20,189,554,59773
20,191,3064,52476
20,193,851,50639
20,195,279,46859
20,197,666,59160
20,199,178,49109
20,201,590,43264
20,203,246,53447
20,205,1478,39764
20,207,569,35502
20,209,39074,37087
21,0,812803,42914
21,1,4644,31558
21,3,3816,39801
21,5,2450,54331
21,7,1359,44732
21,9,8247,37666
21,11,2733,34126
21,13,8955,24868
21,15,10009,66939
21,17,3774,42812
21,19,10705,40224
21,21,4627,41538
21,23,1540,41910
21,25,4340,28647
21,27,3740,41547
21,29,9474,54924
21,31,2596,35219
21,33,2282,42640
21,35,7052,37705
21,37,11724,52349
21,39,833,40701
21,41,2139,43615
21,43,6322,34991
21,45,4699,29344
21,47,14868,36736
21,49,5615,49012
21,51,7267,25215
21,53,2565,28341
21,55,1823,38338
21,57,1841,29067
21,59,14370,43390
21,61,2366,38544
21,63,2133,30556
21,65,4254,30333
21,67,59007,48552
21,69,2795,35878
21,71,11702,30127
21,73,6184,49400
21,75,1812,30671
21,77,1419,45483
21,79,3004,43647
21,81,4103,46226
21,83,6550,39247
21,85,5488,35726
21,87,2339,33640
21,89,5846,42452
21,91,1193,50358
21,93,14905,50407
21,95,9436,26351
21,97,3386,41406
21,99,4200,38038
21,101,8227,43040
21,103,2814,43799
21,105,828,41588
21,107,7594,42477
21,109,3514,29090
21,111,124850,48264
21,113,7190,51227
21,115,5817,34271
21,117,24923,54728
21,119,5113,27709
21,121,10824,26048
21,123,2486,40312
21,125,14610,34678
21,127,4041,32835
21,129,2292,25473
21,131,3514,27777
21,133,6949,28574
21,135,4707,30217
21,137,6650,35368
21,139,1299,42892
21,141,4486,41150
21,143,1108,43067
21,145,11214,41216
21,147,7525,24265
21,149,1580,42288
21,151,15947,44358
21,153,3850,29421
21,155,4065,39089
21,157,3977,45596
21,159,4401,27484
21,161,3115,40260
21,163,3616,52377
21,165,1668,30828
21,167,3720,43945
21,169,2484,30460
21,171,2748,30172
21,173,5620,41139
21,175,3489,30872
21,177,6368,38916
21,179,5618,54540
21,181,1342,37061
21,183,4633,38261
21,185,3211,92097
21,187,1848,43626
21,189,1984,23047
21,191,2229,47023
21,193,7401,31265
21,195,16796,32666
21,197,3247,32783
21,199,16338,32767
21,201,492,37281
21,203,3956,33789
21,205,4953,37287
21,207,4608,33623
21,209,5406,61989
21,211,5548,57447
21,213,2610,45269
21,215,1545,67437
21,217,6333,34633
21,219,2368,40002
21,221,2218,44676
21,223,1408,46708
21,225,2832,44119
21,227,20900,48925
21,229,2284,39983
21,231,5252,30619
21,233,2220,43024
21,235,10097,31086
21,237,2558,25768
21,239,2812,57067
22,0,898902,44680
22,1,13527,40269
22,3,4832,36852
22,5,15873,67299
22,7,4067,46317
22,9,9639,34022
22,11,6559,43918
22,13,3704,33134
22,15,17520,51138
22,17,59514,39812
22,19,35591,45979
22,21,2168,36350
22,23,809,59300
22,25,2158,34116
22,27,3789,35385
22,29,5855,31835
22,31,6298,40642
22,33,80273,46831
22,35,2751,25402
22,37,3543,41651
22,39,7757,32615
22,41,5718,32318
22,43,4417,40668
22,45,14132,45226
22,47,5867,47377
22,49,3679,37130
22,51,68333,47024
22,53,6700,37968
22,55,34809,51340
22,57,16903,47382
22,59,2447,44139
22,61,12699,32889
22,63,16499,58818
22,65,4250,26732
22,67,7608,30636
22,69,11500,34522
22,71,103855,35468
22,73,35619,40877
22,75,3715,51304
22,77,4072,44469
22,79,25480,40406
22,81,2140,33322
22,83,4932,36666
22,85,5022,39561
22,87,7869,45615
22,89,6272,60751
22,91,2515,35004
22,93,3450,47477
22,95,8995,47225
22,97,24857,32683
22,99,9460,46713
22,101,11395,42075
22,103,27292,63441
22,105,27726,39927
22,107,1538,27522
22,109,23321,49044
22,111,4835,38998
22,113,10775,45331
22,115,6911,46682
22,117,12979,29749
22,119,8681,36003
22,121,5012,51550
22,123,2492,33959
22,125,2415,53679
22,127,3487,36644
23,0,181737,49381
23,1,16125,46701
23,3,13603,36066
23,5,30257,61436
23,7,4592,41035
23,9,6886,45807
23,11,16257,45556
23,13,5315,50002
23,15,3951,47905
23,17,9083,40120
23,19,26330,42728
23,21,3403,36994
23,23,3642,55630
23,25,8681,39001
23,27,5752,46598
23,29,5725,38057
23,31,22134,55482
24,0,604762,73851
24,1,12063,39808
24,3,36632,86654
24,5,78935,67766
24,9,6441,92446
24,11,5108,49573
24,13,9673,84500
24,15,10751,62198
24,17,11000,86703
24,19,5608,42279
24,21,15670,83698
24,23,3610,47441
24,25,19664,79403
24,27,18818,106871
24,29,2544,53288
24,31,73213,97279
24,33,91060,71904
24,35,3620,80650
24,37,9239,84686
24,39,5197,38376
24,41,4333,54836
24,43,19416,54606
24,45,16317,51927
24,47,6067,55691
24,510,139782,41895
25,0,760211,69200
25,1,18801,64150
25,3,16037,49890
25,5,66553,57732
25,7,1544,61259
25,9,80526,70074
25,11,8397,53953
25,13,80178,49072
25,15,20809,57737
25,17,134684,84026
25,19,765,82596
25,21,43999,90039
25,23,42124,74576
25,25,155184,54280
25,27,90611,65217
26,0,1567465,49755
26,1,1803,36377
26,3,1310,45308
26,5,12851,54232
26,7,4793,38121
26,9,2996,45743
26,11,3010,36460
26,13,1208,41624
26,15,5971,57235
26,17,17614,46061
26,19,2043,48846
26,21,26842,44145
26,23,6310,46371
26,25,20194,45916
26,27,7555,48030
26,29,3241,47991
26,31,4054,41930
26,33,6623,38989
26,35,7376,34655
26,37,7616,60650
26,39,2230,41101
26,41,5335,43338
26,43,3674,45174
26,45,10493,57088
26,47,3793,50191
26,49,87632,41787
26,51,4646,39721
26,53,2961,33600
26,55,8546,55592
26,57,6709,43509
26,59,7351,44780
26,61,6280,39126
26,63,4469,41678
26,65,53518,45840
26,67,8889,48681
26,69,4748,37122
26,71,1916,35961
26,73,18099,42431
26,75,23035,46670
26,77,47221,46283
26,79,2998,40709
26,81,94696,53342
26,83,281,40411
26,85,3194,30990
26,87,9590,51510
26,89,1922,60622
26,91,13651,48194
26,93,11312,74341
26,95,1081,37590
26,97,1682,39359
26,99,104347,54865
26,101,3822,37477
26,103,9701,44735
26,105,4637,42896
26,107,9146,41572
26,109,3383,42191
26,111,9740,51629
26,113,2389,40455
26,115,15436,57719
26,117,12197,41554
26,119,1433,37961
26,121,33197,42588
26,123,9922,41588
26,125,122452,69378
26,127,5206,41166
26,129,4438,35968
26,131,1084,35387
26,133,4643,40235
26,135,1703,33975
26,137,3142,44693
26,139,24462,60577
26,141,2071,39420
26,143,4882,35002
26,145,32739,44548
26,147,21850,50303
26,149,11088,43687
26,151,6028,42081
26,153,1410,39539
26,155,10349,47882
26,157,8304,43186
26,159,12261,46715
26,161,48651,62861
26,163,419820,41434
26,165,6171,39807
27,0,607870,61473
27,1,2306,40676
27,3,25800,70868
27,5,4793,51116
27,7,8056,43706
27,9,5272,52531
27,11,640,46495
27,13,11095,49513
27,15,2153,52272
27,17,4086,53291
27,19,4613,88500
27,21,4434,45179
27,23,1371,51274
27,25,3251,75122
27,27,7704,55560
27,29,1540,43674
27,31,537,48593
27,33,1473,48176
27,35,6815,50162
27,37,29892,76269
27,39,1531,68777
27,41,3474,52298
27,43,1866,48163
27,45,2360,52444
27,47,3774,47203
27,49,4377,60869
27,51,615,48179
27,53,154785,64490
27,55,1560,59900
27,57,2491,47944
27,59,2971,65342
27,61,6545,48525
27,63,992,53700
27,65,2166,48908
27,67,4783,57405
27,69,427,50372
27,71,1933,44113
27,73,700,48245
27,75,1098,52381
27,77,412,44727
27,79,2434,61665
27,81,577,48449
27,83,2839,53552
27,85,2797,60114
27,87,1063,39926
27,89,891,54433
27,91,2434,52042
27,93,2268,54354
27,95,3035,48434
27,97,3839,50685
27,99,4700,47537
27,101,796,52219
27,103,3134,61279
27,105,2769,50684
27,107,868,51597
27,109,14462,69430
27,111,6363,51510
27,113,1274,50905
27,115,4762,42157
27,117,1110,47164
27,119,3875,50175
27,121,1129,51343
27,123,85264,55070
27,125,368,48188
27,127,1886,49934
27,129,1661,54386
27,131,7510,60317
27,133,890,55352
27,135,1418,53838
27,137,32867,49714
27,139,7590,91688
27,141,6395,76512
27,143,1353,59893
27,145,19537,55832
27,147,3931,57850
27,149,1258,55292
27,151,1005,51032
27,153,4250,43287
27,155,400,49536
27,157,1549,58752
27,159,2107,41909
27,161,1793,54183
27,163,14735,84113
27,165,1135,48658
27,167,653,54536
27,169,7400,49365
27,171,7700,76489
27,173,1105,51028
28,0,634960,39738
28,1,9586,32327
28,3,7966,35180
28,5,2891,30668
28,7,4449,32521
28,9,2102,30665
28,11,10882,29297
28,13,3633,33141
28,15,1763,38219
28,17,4151,31616
28,19,1979,34548
28,21,3430,26083
28,23,3634,34910
28,25,5649,33939
28,27,8498,28647
28,29,7317,35314
28,31,5064,31835
28,33,17112,58479
28,35,19236,36808
28,37,1590,36544
28,39,3867,44811
28,41,2636,39615
28,43,5287,33650
28,45,8993,46288
28,47,36288,41010
28,49,55541,38454
28,51,7717,22640
28,53,3480,25562
28,55,431,37096
28,57,3880,38366
28,59,21723,48018
28,61,3751,35019
28,63,2764,26408
28,65,3488,28271
28,67,16272,37367
28,69,2615,33015
28,71,12011,40797
28,73,8479,51389
28,75,16466,38869
28,77,2778,38471
28,79,5751,32239
28,81,16289,43374
28,83,11794,26439
28,85,7392,36118
28,87,13781,39937
28,89,13115,66671
28,91,7611,33428
28,93,7377,37554
28,95,7122,36810
28,97,2536,31963
28,99,6010,37686
28,101,4736,35185
28,103,3420,28730
28,105,13295,34429
28,107,8863,34526
28,109,10425,38465
28,111,2738,32459
28,113,11942,30078
28,115,5429,40198
28,117,5463,34794
28,119,2712,26204
28,121,15792,58368
28,123,7580,32049
28,125,1710,27877
28,127,6967,34338
28,129,3345,38975
28,131,3210,41136
28,133,8102,29227
28,135,4596,28456
28,137,5000,40975
28,139,4143,37026
28,141,3385,35550
28,143,2924,30689
28,145,4412,37667
28,147,3885,31607
28,149,10290,40397
28,151,16872,30292
28,153,5032,35425
28,155,2191,34073
28,157,2641,27596
28,159,4740,34403
28,161,2832,34494
28,163,8112,30313
29,0,908394,48288
29,1,6109,35425
29,3,1834,56309
29,5,645,45997
29,7,4084,41302
29,9,7101,38139
29,11,2280,37581
29,13,2976,41462
29,15,3614,33236
29,17,2466,39033
29,19,31804,50305
29,21,15129,45431
29,23,8960,35774
29,25,1423,43111
29,27,5779,49384
29,29,7600,44410
29,31,12603,47705
29,33,1472,39017
29,35,1492,32170
29,37,10455,60970
29,39,2946,33631
29,41,894,43049
29,43,9217,51831
29,45,1067,43298
29,47,21041,61598
29,49,2453,51221
29,51,9521,51885
29,53,2230,42166
29,55,5018,37379
29,57,1387,37173
29,59,3502,34987
29,61,1363,41610
29,63,1697,42174
29,65,3322,34411
29,67,3078,31805
29,69,9098,31486
29,71,11919,51978
29,73,1961,44065
29,75,1030,39444
29,77,56481,40386
29,79,1890,37911
29,81,1609,37486
29,83,3980,39232
29,85,2014,33707
29,87,636,41652
29,89,1479,44188
29,91,8706,32662
29,93,2201,33091
29,95,111130,46185
29,97,22445,40047
29,99,23387,58976
29,101,7338,49949
29,103,757,37581
29,105,6412,36895
29,107,4278,48128
29,109,6938,39908
29,111,1341,41891
29,113,8376,53804
29,115,2419,37597
29,117,2232,47937
29,119,4992,34863
29,121,2569,35345
29,123,2473,35363
29,125,1428,40165
29,127,4965,42088
29,129,549,38023
29,131,4303,37360
29,133,3951,30661
29,135,2008,47158
29,137,1353,41376
29,139,1830,42105
29,141,4112,36867
29,143,4160,34631
29,145,8198,45448
29,147,3949,42956
29,149,2560,29415
29,151,1358,51958
29,153,2098,31025
29,155,4998,32120
29,157,2194,50548
29,159,7239,40038
29,161,9019,40710
29,163,3058,44408
29,165,6487,70874
29,167,5348,38344
29,169,6899,47227
29,171,888,34684
29,173,1186,51738
29,175,4131,41346
29,177,3456,51986
29,179,1382,31820
29,181,3466,30019
29,183,25281,74220
29,185,2002,33986
29,186,2310,46874
29,187,11974,40376
29,189,93882,60093
29,195,3574,41112
29,197,779,34644
29,199,774,38281
29,201,7972,40532
29,203,2324,27382
29,205,979,42498
29,207,5577,38329
29,209,4973,40642
29,211,1113,36642
29,213,9819,35731
29,215,5097,33755
29,217,3558,40267
29,219,4222,52959
29,221,6088,34581
29,223,3504,30721
29,225,6386,41561
29,227,313,38802
29,229,4096,31600
29,510,88571,35681
30,0,151915,46608
30,1,1343,41602
30,3,4016,38871
30,5,1643,35740
30,7,653,49758
30,9,1315,47520
30,11,161,41466
30,13,11403,42903
30,15,1129,41004
30,17,1279,47493
30,19,189,47376
30,21,1052,50540
30,23,1451,38178
30,25,245,59102
30,27,1640,42915
30,29,12776,47351
30,31,13071,51569
30,33,198,42757
30,35,4259,33428
30,37,165,37316
30,39,458,47902
30,41,2845,43509
30,43,1184,61575
30,45,290,43272
30,47,6541,38221
30,49,7736,53572
30,51,432,37911
30,53,3622,36734
30,55,257,43132
30,57,976,41539
30,59,321,36903
30,61,731,36449
30,63,17216,44716
30,65,866,39827
30,67,2310,42942
30,69,85,35092
30,71,648,41595
30,73,1221,39292
30,75,214,44644
30,77,1083,40072
30,79,138,40140
30,81,7013,42902
30,83,949,65738
30,85,2653,37511
30,87,1892,50751
30,89,2316,32815
30,91,370,52711
30,93,6575,39882
30,95,776,60812
30,97,431,45000
30,99,817,46208
30,101,762,45207
30,103,91,47089
30,105,935,46328
30,107,397,35875
30,109,128,43859
30,111,18645,51653
31,0,225054,52803
31,1,3746,48658
31,3,885,50919
31,5,46,43408
31,7,95,48990
31,9,79,38228
31,11,540,52914
31,13,1274,55465
31,15,276,39964
31,17,372,42348
31,19,5738,51550
31,21,683,49345
31,23,745,54240
31,25,1726,66522
31,27,878,54421
31,29,363,52749
31,31,757,43564
31,33,902,55964
31,35,702,55758
31,37,1072,50758
31,39,809,56047
31,41,1413,45644
31,43,3044,50289
31,45,1537,40667
31,47,3248,47366
31,49,226,44109
31,51,604,52601
31,53,4564,50043
31,55,74169,52842
31,57,256,45624
31,59,551,54556
31,61,410,44794
31,63,353,48543
31,65,608,44461
31,67,2338,50861
31,69,293,38645
31,71,231,40436
31,73,175,55319
31,75,68,47537
31,77,307,43858
31,79,8834,48499
31,81,622,62191
31,83,391,46744
31,85,135,48856
31,87,397,40496
31,89,1281,46667
31,91,67,40732
31,93,726,51040
31,95,829,44947
31,97,575,48511
31,99,627,56791
31,101,964,45192
31,103,166,41138
31,105,428,45771
31,107,1229,42745
31,109,40146,52011
31,111,5112,49770
31,113,70,50761
31,115,91,49132
31,117,69,62280
31,119,4662,51836
31,121,791,50893
31,123,669,46961
31,125,403,48535
31,127,900,49162
31,129,575,43249
31,131,1544,51527
31,133,324,42977
31,135,295,56080
31,137,845,54137
31,139,707,53489
31,141,2687,61768
31,143,410,58162
31,145,1227,43842
31,147,1142,44282
31,149,211,46051
31,151,1328,51805
31,153,8991,74008
31,155,1678,61961
31,157,5563,47194
31,159,1292,61802
31,161,826,40351
31,163,366,43883
31,165,208,47313
31,167,557,55955
31,169,541,49517
31,171,105,39537
31,173,2338,41344
31,175,511,44726
31,177,1450,69191
31,179,1132,53290
31,181,450,40979
31,183,96,45400
31,185,1388,51335
32,0,430447,51487
32,1,3107,46840
32,3,318965,51241
32,5,4861,60322
32,7,5581,72648
32,9,115,47180
32,11,197,70535
32,13,1819,67423
32,15,656,74347
32,17,741,45629
32,19,7039,48576
32,21,843,40714
32,23,7019,42881
32,27,931,52001
32,29,327,55291
32,31,67110,52862
32,33,1195,57243
32,510,9940,45639
33,0,117822,66469
33,1,5922,59831
33,3,5003,57556
33,5,8467,56008
33,7,4508,42491
33,9,9584,56353
33,11,34507,71233
33,13,13390,62429
33,15,18267,79653
33,17,13735,58577
33,19,4437,57142
34,0,972441,71968
34,1,40761,54208
34,3,70557,84309
34,5,31331,80479
34,7,65551,61685
34,9,12080,55409
34,11,28287,45438
34,13,130059,54603
34,15,23626,78983
34,17,117129,57720
34,19,5742,103876
34,21,41715,73750
34,23,67331,77330
34,25,51001,87220
34,27,24782,100511
34,29,68832,62937
34,31,90553,58030
34,33,8307,56645
34,35,16496,100194
34,37,8875,82048
34,39,60679,68172
34,41,8747,71294
35,0,420388,44905
35,1,124091,47192
35,3,783,33256
35,5,14988,38403
35,6,7162,35081
35,7,2510,37156
35,9,9472,42620
35,11,374,33789
35,13,58462,38974
35,15,7863,57007
35,17,5437,38221
35,19,1006,29147
35,21,101,40380
35,23,1099,34304
35,25,11231,58994
35,27,3933,39995
35,28,743,108477
35,29,7386,27268
35,31,26327,29497
35,33,1108,27627
35,35,12658,41736
35,37,2018,29069
35,39,9503,34902
35,41,4415,36108
35,43,17264,56142
35,45,25680,47520
35,47,6948,32964
35,49,20700,52628
35,51,2627,29036
35,53,5194,32285
35,55,6317,36125
35,57,4130,37311
35,59,704,36684
35,61,18156,40591
36,0,3082613,58771
36,1,39589,60371
36,3,7943,42655
36,5,440989,33687
36,7,32100,46283
36,9,12350,43892
36,11,9488,52792
36,13,24433,41757
36,15,15101,48880
36,17,8078,46387
36,19,12419,51576
36,21,7023,55047
36,23,6206,48357
36,25,6400,45860
36,27,28417,70925
36,29,136135,50134
36,31,4356,50182
36,33,8393,45704
36,35,9444,45409
36,37,6841,52410
36,39,4989,52597
36,41,537,49137
36,43,10279,44148
36,45,17009,49781
36,47,607086,47547
36,49,3833,47542
36,51,8640,49920
36,53,7962,51600
36,55,103280,51371
36,57,9248,40923
36,59,89120,98312
36,61,280877,75459
36,63,28129,49274
36,65,38971,48350
36,67,72873,52892
36,69,12241,58473
36,71,49122,69228
36,73,6129,46577
36,75,22618,46926
36,77,10606,43104
36,79,6144,94334
36,81,352481,56866
36,83,19990,59925
36,85,67827,70299
36,87,46955,83162
36,89,18981,43518
36,91,15977,71885
36,93,20089,56508
36,95,4790,48718
36,97,2786,48135
36,99,4560,49809
36,101,16098,46849
36,103,113319,85886
36,105,11968,48908
36,107,5644,52195
36,109,17123,51880
36,111,23615,56718
36,113,8572,54585
36,115,8607,47547
36,117,11678,49191
36,119,98067,83152
36,121,4608,53783
36,123,3481,48368
37,0,1663954,46596
37,1,27115,41296
37,3,5923,43043
37,5,2205,35266
37,7,5860,32508
37,9,5629,36488
37,11,3041,37131
37,13,8863,40357
37,15,5212,31217
37,17,8750,33521
37,19,18438,47387
37,21,33936,47296
37,23,17732,39275
37,25,23213,55250
37,27,15102,38653
37,29,1002,61730
37,31,9945,48824
37,33,4317,42730
37,35,24642,45080
37,37,9404,56797
37,39,5620,34620
37,41,3310,38887
37,43,1935,37072
37,45,20081,39444
37,47,13119,34321
37,49,16289,43972
37,51,55792,42582
37,53,2758,58024
37,55,3831,54642
37,57,27440,43346
37,59,5681,47592
37,61,16419,34109
37,63,46899,50745
37,65,13925,31615
37,67,69871,45944
37,69,9401,48166
37,71,34776,42056
37,73,1794,48413
37,75,1754,33824
37,77,8664,49342
37,79,5311,37263
37,81,86041,44828
37,83,12128,31674
37,85,25281,45380
37,87,8961,42812
37,89,14185,47286
37,91,5632,30056
37,93,9897,44175
37,95,1080,36891
37,97,20917,54026
37,99,8748,38130
37,101,27504,50055
37,103,2213,38928
37,105,10830,46073
37,107,12806,35991
37,109,12626,49676
37,111,7685,37881
37,113,6061,37884
37,115,3972,38445
37,117,4584,35930
37,119,151386,59049
37,121,2894,36795
37,123,5564,38530
37,125,14281,51650
37,127,16796,43348
37,129,37908,49905
37,131,5117,32063
37,133,24618,47201
37,135,18514,60304
37,137,2184,43097
37,139,6978,44596
37,141,8502,45453
37,143,2293,41328
37,145,7236,45841
37,147,39398,41765
37,149,2942,45464
37,151,23570,41770
37,153,11033,34665
37,155,43106,30414
37,157,17540,39606
37,159,24137,44973
37,161,14045,35629
37,163,18218,33876
37,165,9569,32782
37,167,9685,41921
37,169,6355,45065
37,171,13633,37915
37,173,2716,34788
37,175,5203,44490
37,177,1018,32773
37,179,23279,64381
37,181,11896,33609
37,183,112936,66950
37,185,4371,33869
37,187,3334,32867
37,189,12227,41942
37,191,28355,36890
37,193,15885,33398
37,195,19057,39268
37,197,6430,40801
37,199,3590,35974
38,0,79203,60227
38,1,236,45710
38,3,1097,52376
38,5,2025,39342
38,7,69,75096
38,9,618,56965
38,11,238,60946
38,13,185,62875
38,15,7160,66734
38,17,18221,53755
38,19,341,54057
38,21,566,51817
38,23,197,67344
38,25,412,72018
38,27,244,47596
38,29,443,44282
38,31,265,54593
38,33,189,53420
38,35,11010,50435
38,37,376,39679
38,39,214,51192
38,41,276,50038
38,43,341,46923
38,45,395,53721
38,47,223,44696
38,49,726,48887
38,51,348,40258
38,53,934,81209
38,55,952,56616
38,57,629,74047
38,59,2678,54637
38,61,899,66807
38,63,319,45040
38,65,194,62010
38,67,621,56298
38,69,479,39572
38,71,1360,51097
38,73,438,56270
38,75,195,60957
38,77,1488,57177
38,79,4560,35630
38,81,281,58467
38,83,213,44990
38,85,1457,33950
38,87,72,55664
38,89,2259,76672
38,91,138,59408
38,93,2255,53333
38,95,247,51961
38,97,682,58995
38,99,1172,51754
38,101,5644,62526
38,103,448,51470
38,105,2174,86354
39,0,1778288,49349
39,1,6864,34116
39,3,17839,43602
39,5,7400,47369
39,7,20547,39757
39,9,16630,34216
39,11,3744,52650
39,13,10537,41983
39,15,6503,46484
39,17,52128,58558
39,19,3742,46177
39,21,4309,50302
39,23,24315,42029
39,25,22370,62158
39,27,5584,49453
39,29,16171,42645
39,31,6527,41547
39,33,6441,39881
39,35,241829,44138
39,37,6281,46610
39,39,4392,53026
39,41,8952,97802
39,43,10343,49234
39,45,14147,59921
39,47,4440,44947
39,49,208629,53164
39,51,4414,54666
39,53,7667,36675
39,55,7299,72264
39,57,20447,59382
39,59,6729,41940
39,61,138939,48973
39,63,9313,51498
39,65,5586,45195
39,67,2578,42582
39,69,2808,53645
39,71,8199,41611
39,73,4944,42374
39,75,5348,50069
39,77,7759,47824
39,79,6450,41161
39,81,13050,40148
39,83,8724,46908
39,85,20156,58697
39,87,10643,41608
39,89,22272,57308
39,91,7637,50753
39,93,43499,52331
39,95,87923,42344
39,97,4890,52996
39,99,42601,41316
39,101,12683,42240
39,103,12230,68405
39,105,5199,38081
39,107,3577,52606
39,109,10920,51868
39,111,2232,40646
39,113,101914,42994
39,115,2646,37923
39,117,4197,49846
39,119,15955,41814
39,121,1888,43953
39,123,4110,50345
39,125,2320,47358
39,127,6276,43341
39,129,6833,54868
39,131,6061,40512
39,133,21810,52047
39,135,5340,49516
39,137,2621,56519
39,139,18246,41948
39,141,13658,42466
39,143,8592,46447
39,145,20049,37625
39,147,9254,45003
39,149,5167,50774
39,151,54744,47745
39,153,71490,50453
39,155,34593,43160
39,157,12252,46128
39,159,3924,69900
39,161,2837,49565
39,163,3110,37633
39,165,12441,72973
39,167,9307,45048
39,169,15491,50106
39,171,5125,42214
39,173,16448,54996
39,175,2208,47905
40,0,623162,47524
40,1,5975,31386
40,3,783,51885
40,5,2826,35910
40,7,567,56664
40,9,3240,46625
40,11,1795,44309
40,13,8258,38187
40,15,6399,39933
40,17,9811,68421
40,19,7870,44402
40,21,9584,38027
40,23,4000,29652
40,25,410,41800
40,27,32649,58205
40,29,1195,36566
40,31,21256,46071
40,33,1081,41469
40,35,2644,36953
40,37,10966,46614
40,39,4439,45574
40,41,7707,36424
40,43,595,50348
40,45,491,52032
40,47,8884,49136
40,49,5222,40774
40,51,6366,51199
40,53,542,49774
40,55,1260,34872
40,57,667,33750
40,59,399,49204
40,61,3136,35313
40,63,2873,34837
40,65,4338,41370
40,67,1411,32645
40,69,2160,35977
40,71,8040,41514
40,73,1535,59525
40,75,1745,36699
40,77,2087,35522
40,79,11499,36627
40,81,5089,46083
40,83,5990,55602
40,85,1204,52662
40,87,3788,58392
40,89,6805,34964
40,91,4429,33450
40,93,898,54107
40,95,2858,38517
40,97,7085,41806
40,99,2026,43783
40,101,14708,41015
40,103,1522,46874
40,105,1660,39706
40,107,2791,34172
40,109,134346,48226
40,111,8073,38183
40,113,7670,48014
40,115,6863,35580
40,117,2494,43476
40,119,17109,41037
40,121,9134,39900
40,123,6270,41423
40,125,11971,45710
40,127,2538,32215
40,129,459,56139
40,131,8828,56465
40,133,6114,35964
40,135,11377,35592
40,137,6779,42967
40,139,2887,49780
40,141,1747,35274
40,143,91246,50507
40,145,7390,58921
40,147,7073,49056
40,149,1561,47391
40,151,1181,48831
40,153,2495,56067
41,0,637156,51088
41,1,3232,38966
41,3,15545,54089
41,5,37450,65555
41,7,5672,45132
41,9,5880,57517
41,11,12144,39956
41,13,3809,38155
41,15,3780,40524
41,17,22298,52387
41,19,21001,41504
41,21,223,51978
41,23,1190,41304
41,25,1489,36340
41,27,3298,54063
41,29,37566,44835
41,31,4513,42753
41,33,16921,37230
41,35,14092,39234
41,37,1429,40328
41,39,64722,44976
41,41,8628,40226
41,43,22559,44358
41,45,7756,35094
41,47,56064,48554
41,49,1824,51839
41,51,141562,53519
41,53,10721,52626
41,55,241,53277
41,57,4347,41662
41,59,13041,44780
41,61,4418,44841
41,63,1063,39743
41,65,4192,44010
41,67,69403,66315
41,69,315,33387
41,71,14772,52903
42,0,1679008,53224
42,1,10492,60179
42,3,157151,52385
42,5,9259,44326
42,7,19507,51041
42,9,6544,46890
42,11,57336,55936
42,13,18367,43343
42,15,7884,47242
42,17,40794,77823
42,19,16152,60851
42,21,20177,42703
42,23,673,40257
42,25,8227,49252
42,27,24881,51573
42,29,36496,85613
42,31,5641,43202
42,33,12401,40230
42,35,6416,44224
42,37,8919,46938
42,39,12421,43969
42,41,20894,62692
42,43,35668,52967
42,45,59610,62867
42,47,3220,46965
42,49,43476,45476
42,51,26438,36902
42,53,1099,37794
42,55,17932,50434
42,57,1925,48084
42,59,5718,49897
42,61,6151,44531
42,63,13966,42611
42,65,5807,43810
42,67,3001,48944
42,69,31412,45098
42,71,54499,57369
42,73,11441,44903
42,75,14442,53861
42,77,44744,58283
42,79,48547,44222
42,81,17789,45211
42,83,6544,44723
42,85,15793,43559
42,87,7490,40957
42,89,21663,59492
42,91,56743,79576
42,93,2003,54547
42,95,29019,61510
42,97,14358,40429
42,99,3919,54920
42,101,389485,39037
42,103,5893,58375
42,105,2427,40323
42,107,18623,43169
42,109,4956,49117
42,111,9641,45706
42,113,894,44191
42,115,5301,49552
42,117,6551,47360
42,119,4839,47996
42,121,8528,43810
42,123,5631,44651
42,125,21640,55796
42,127,6610,48663
42,129,35717,53536
42,131,2993,55882
42,133,44232,58471
44,0,149825,54797
44,1,3696,68246
44,3,15259,61923
44,5,7566,69203
44,7,110850,47278
44,9,12453,70705
45,0,838065,45337
45,1,5178,35525
45,3,26875,48537
45,5,3328,25530
45,7,31752,43124
45,9,4209,30349
45,11,5843,32205
45,13,22025,55427
45,15,26592,52436
45,17,2841,41209
45,19,62336,52752
45,21,12295,38947
45,23,7209,37537
45,25,11991,34949
45,27,8793,32268
45,29,8566,35558
45,31,16800,35640
45,33,9141,30516
45,35,18717,56388
45,37,4122,44129
45,39,5231,35490
45,41,26454,42232
45,43,11811,44283
45,45,69140,49659
45,47,14844,38878
45,49,4469,33644
45,51,52066,42830
45,53,6285,37715
45,55,10894,45411
45,57,15925,44854
45,59,13557,38268
45,61,4548,31510
45,63,37932,54098
45,65,2105,38694
45,67,9517,32283
45,69,7700,31170
45,71,7084,42000
45,73,12986,39548
45,75,26705,31382
45,77,22174,41375
45,79,59816,49782
45,81,4072,42286
45,83,50359,44050
45,85,24393,37906
45,87,5376,37501
45,89,8838,29609
45,91,35172,54196
46,0,115906,51059
46,3,287,50896
46,5,2685,49583
46,7,1182,34326
46,9,848,47987
46,11,4230,52930
46,13,4375,53150
46,15,769,47224
46,17,841,21658
46,19,1605,41446
46,21,129,49895
46,23,2128,41395
46,25,474,48024
46,27,2941,43453
46,29,2848,52892
46,31,1612,31420
46,33,876,51244
46,35,2351,48675
46,37,888,43305
46,39,430,51246
46,41,1535,34936
46,43,330,49251
46,45,397,57148
46,47,1135,42007
46,49,288,46633
46,51,725,52816
46,53,761,36836
46,55,217,43699
46,57,607,53944
46,59,329,51201
46,61,260,61945
46,63,137,49220
46,65,1853,58340
46,67,884,48879
46,69,137,49184
46,71,1097,31922
46,73,283,48773
46,75,127,44876
46,77,498,51837
46,79,1102,53175
46,81,3240,45945
46,83,2204,79857
46,85,953,40639
46,87,545,57741
46,89,384,38469
46,91,540,50155
46,93,2712,54771
46,95,679,34237
46,97,280,49159
46,99,20429,55107
46,101,772,53654
46,103,14908,48379
46,105,453,39936
46,107,251,52758
46,109,2074,45911
46,111,329,46281
46,113,7398,27244
46,115,738,48125
46,117,263,67172
46,119,91,59879
46,121,4671,27481
46,123,1068,40545
46,125,830,55708
46,127,937,72041
46,129,849,41831
46,135,2849,47363
46,137,1257,32025
47,0,1165245,44357
47,1,11583,46689
47,3,8789,42252
47,5,3420,34382
47,7,3375,34948
47,9,18270,47175
47,11,17552,43065
47,13,8908,33333
47,15,2225,41068
47,17,5664,36627
47,19,13567,34354
47,21,5000,51475
47,23,3228,40980
47,25,7248,33640
47,27,1837,30744
47,29,9733,30860
47,31,8892,45235
47,33,2740,37853
47,35,9477,40839
47,37,128113,48195
47,39,2266,37417
47,41,3797,38595
47,43,7143,45914
47,45,7324,43425
47,47,5678,56573
47,49,4956,30299
47,51,6493,43851
47,53,9425,37498
47,55,4749,41326
47,57,4954,35704
47,59,11768,36740
47,61,3442,28086
47,63,14496,37410
47,65,54383,48380
47,67,1915,27323
47,69,5595,35321
47,71,5536,36285
47,73,10987,39506
47,75,4428,35470
47,77,5297,39303
47,79,6477,37151
47,81,4596,37443
47,83,1547,39753
47,85,3143,42837
47,87,2649,35379
47,89,9061,41235
47,91,4231,31330
47,93,77218,47199
47,95,2141,28524
47,97,6102,33595
47,99,9080,34614
47,101,2377,36255
47,103,5495,41802
47,105,6802,53945
47,107,8943,39528
47,109,6060,34882
47,111,4373,36886
47,113,19635,43113
47,115,5779,40766
47,117,4787,42839
47,119,13026,51303
47,121,2400,34801
47,123,9181,37392
47,125,25803,50935
47,127,774,50358
47,129,4492,36390
47,131,6348,40683
47,133,4097,35884
47,135,1813,33776
47,137,968,31996
47,139,3331,36643
47,141,14844,37693
47,143,6954,37952
47,145,9418,43269
47,147,8976,52640
47,149,41601,53799
47,151,5298,31397
47,153,2699,44111
47,155,16582,39905
47,157,211505,44015
47,159,2813,43659
47,161,2296,41590
47,163,28608,38840
47,165,19349,58291
47,167,9296,52339
47,169,1374,40251
47,171,3541,37632
47,173,4266,37453
47,175,1137,34884
47,177,7468,36942
47,179,20388,43212
47,181,3430,33573
47,183,6893,36205
47,185,5652,35400
47,187,11420,97936
47,189,12458,60955
48,0,4519548,53067
48,1,8970,42471
48,3,1858,66878
48,5,15136,42128
48,7,4280,44551
48,9,822,58867
48,11,208,55177
48,13,7988,52785
48,15,3243,58792
48,17,1348,36821
48,19,2782,50107
48,21,11069,52886
48,23,643,36027
48,25,6261,40680
48,27,45622,51048
48,29,331898,50699
48,31,1283,57177
48,33,67,61750
48,35,2616,44397
48,37,17526,41883
48,39,32543,73788
48,41,51540,41641
48,43,1262,40179
48,45,256,42139
48,47,2305,27875
48,49,6285,41316
48,51,2752,48140
48,53,6028,53203
48,55,6099,47227
48,57,3740,46705
48,59,2177,40796
48,61,143568,32215
48,63,2991,37801
48,65,513,58425
48,67,5707,39256
48,69,1489,42966
48,71,4036,77281
48,73,9635,38465
48,75,1235,39025
48,77,1382,50993
48,79,596,39870
48,81,477,41593
48,83,1884,37497
48,85,62032,86634
48,87,572,38655
48,89,3258,46484
48,91,11248,64533
48,93,2625,38280
48,95,640,40837
48,97,5806,57378
48,99,9493,47018
48,101,295,32722
48,103,459,61098
48,105,513,49614
48,107,1400,36627
48,109,556,33637
48,111,877,43523
48,113,480160,50118
48,115,2357,41876
48,117,3631,41499
48,119,1029,38304
48,121,64947,74569
48,123,3391,45717
48,125,418,35924
48,127,2739,36856
48,129,629,37263
48,131,2841,35069
48,133,3441,36591
48,135,19461,55555
48,137,422,35554
48,139,17299,61157
48,141,190846,40081
48,143,8049,41914
48,145,3589,35491
48,147,5267,43211
48,149,2663,49830
48,151,589,44519
48,153,1400,36898
48,155,215,33442
48,157,59839,88516
48,159,1723,42099
48,161,3029,46526
48,163,3940,34206
48,165,2710,50709
48,167,44194,58333
48,169,1205,49947
48,171,3137,52814
48,173,111,73335
48,175,1135,49369
48,177,3684,42291
48,179,3028,49012
48,181,18475,49261
48,183,21713,50020
48,185,4490,44795
48,187,15074,61825
48,189,7604,40213
48,191,759,33324
48,193,1298,41207
48,195,688,50698
48,197,731,36992
48,199,7106,53872
48,201,759184,54230
48,203,11071,48461
48,205,487,64182
48,207,1310,35607
48,209,30932,59569
48,211,369,66505
48,213,15699,40921
48,215,275840,34368
48,217,7413,41521
48,219,3280,50124
48,221,6562,55472
48,223,7205,44076
48,225,5176,33698
48,227,5320,47299
48,229,834,32086
48,231,17603,43385
48,233,2994,51508
48,235,135,63054
48,237,1151,52030
48,239,2121,52185
48,241,6117,41017
48,243,277,46364
48,245,50051,41147
48,247,1177,36929
48,249,8249,46200
48,251,20492,55926
48,253,3430,41079
48,255,2735,43986
48,257,15114,57585
48,259,3188,77764
48,261,71,38451
48,263,92,43026
48,265,8570,44113
48,267,814,38750
48,269,28,64203
48,271,671,39335
48,273,6875,40884
48,275,800,36929
48,277,9086,41009
48,279,3019,37111
48,281,2858,50699
48,283,1638,38012
48,285,2668,47041
48,287,2113,52895
48,289,2251,45159
48,291,12663,47123
48,293,4298,37256
48,295,371,60810
48,297,1697,51481
48,299,2868,45096
48,301,8,55819
48,303,49964,45719
48,305,1044,41589
48,307,1520,39649
48,309,46019,43488
48,311,73,61571
48,313,2429,39030
48,315,2307,34452
48,317,674,61896
48,319,603,42820
48,321,7950,41587
48,323,14808,32248
48,325,6510,53440
48,327,478,32580
48,329,15319,74811
48,331,4361,41849
48,333,802,38564
48,335,1451,41363
48,337,2836,48996
48,339,55864,70929
48,341,3208,42839
48,343,2345,37954
48,345,201,37936
48,347,13685,38895
48,349,9567,43091
48,351,2703,39135
48,353,2632,38742
48,355,58798,51222
48,357,1145,61773
48,359,284,54458
48,361,13175,48834
48,363,5146,40862
48,365,3626,48822
48,367,11997,67655
48,369,1433,41813
48,371,2448,44817
48,373,7687,41401
48,375,24669,38224
48,377,1520,34258
48,379,1633,47834
48,381,12181,64636
48,383,417,62376
48,385,615,37294
48,387,2465,34340
48,389,2785,39006
48,391,1211,43654
48,393,67,69424
48,395,3096,43194
48,397,5944,84692
48,399,1846,38607
48,401,8053,46427
48,403,1951,35701
48,405,1995,32826
48,407,5009,43087
48,409,10452,51958
48,411,1058,38000
48,413,427,50361
48,415,2218,56444
48,417,434,55130
48,419,5546,35772
48,421,407,49309
48,423,38908,45363
48,425,1030,51733
48,427,21981,26699
48,429,1807,44110
48,431,154,59854
48,433,212,42780
48,435,522,60435
48,437,1449,37527
48,439,291534,58127
48,441,20789,45559
48,443,168,39503
48,445,2469,38752
48,447,228,43618
48,449,6564,40680
48,451,17398,45261
48,453,188959,61779
48,455,2800,36645
48,457,3737,40442
48,459,5816,46346
48,461,483,55918
48,463,5859,37933
48,465,10453,41437
48,467,8294,43377
48,469,14135,51003
48,471,13767,39984
48,473,6874,50589
48,475,1604,53244
48,477,4894,55139
48,479,85109,37935
48,481,6849,44110
48,483,682,52548
48,485,23210,43379
48,487,2000,39377
48,489,7209,29782
48,491,37898,73098
48,493,5029,62752
48,495,1041,55493
48,497,6044,59904
48,499,6348,42753
48,501,935,60738
48,503,2962,41872
48,505,4654,33291
48,507,3672,26336
49,0,341587,60943
49,1,628,50818
49,3,5947,56313
49,5,16303,51735
49,7,3178,47340
49,9,88,53006
49,11,23606,70797
49,13,2328,61976
49,15,1360,49709
49,17,589,45666
49,19,1401,43344
49,21,10278,43615
49,23,1184,55204
49,25,823,48456
49,27,1609,52623
49,29,488,82597
49,31,271,37730
49,33,237,56772
49,35,128385,62536
49,37,4366,40590
49,39,4459,44644
49,41,2475,48622
49,43,2656,92560
49,45,4956,64193
49,47,3512,65489
49,49,69472,60957
49,51,1950,65207
49,53,19330,50169
49,55,383,42366
49,57,29322,59293
50,0,72294,54153
50,1,3260,59089
50,3,5035,44674
50,5,4139,45029
50,7,16626,61908
50,9,1196,35570
50,11,4362,59184
50,13,635,60081
50,15,3075,49142
50,17,3598,53025
50,19,4238,42089
50,21,7774,44888
50,23,6224,58673
50,25,5478,49616
50,27,6654,51513
51,0,955541,64923
51,1,6319,38390
51,3,8982,67083
51,5,2450,45454
51,7,1636,51738
51,9,4179,43998
51,11,2290,44397
51,13,19117,107143
51,15,6977,57808
51,17,519,43852
51,19,7166,55507
51,21,834,42624
51,23,2544,63646
51,25,3205,37344
51,27,5095,32083
51,29,3376,38731
51,31,7883,46663
51,33,3206,56099
51,35,4998,38474
51,36,919,49768
51,37,2496,36339
51,41,27051,72972
51,43,1162,70281
51,45,644,46551
51,47,5219,62394
51,49,1861,41409
51,51,3165,32103
51,53,3316,52288
51,57,1590,48277
51,59,75137,110507
51,61,4980,89106
51,63,2178,43355
51,65,1946,64258
51,67,8927,47419
51,69,6233,65485
51,71,2254,45979
51,73,3539,58900
51,75,1567,86610
51,77,2969,31893
51,79,1816,61762
51,81,2165,36459
51,83,6180,39079
51,85,6140,81940
51,87,34985,62446
51,89,10553,34842
51,91,328,38636
51,93,3633,64350
51,95,5680,75926
51,97,1060,46331
51,99,1878,76206
51,101,1409,64305
51,103,1491,45827
51,105,6161,31429
51,107,14077,122641
51,109,3920,60121
51,111,2565,37548
51,113,1598,52513
51,115,927,58268
51,117,6384,38500
51,119,1489,48921
51,121,21796,43484
51,125,1975,48076
51,127,1201,72406
51,131,2555,36822
51,133,1750,51422
51,135,3334,37996
51,137,3672,59282
51,139,3991,44851
51,141,3934,34885
51,143,8923,44207
51,145,1855,75539
51,147,4822,37543
51,149,3424,61792
51,153,31917,91886
51,155,4875,46186
51,157,684,62800
51,159,1439,42204
51,161,7498,61935
51,163,2884,48497
51,165,8906,55798
51,167,4962,37378
51,169,4495,36290
51,171,5114,45430
51,173,6088,37831
51,175,2507,46521
51,177,11742,75714
51,179,7952,92647
51,181,878,48707
51,183,2185,37748
51,185,8003,38292
51,187,4289,60714
51,191,7734,43353
51,193,2603,48232
51,195,8134,38528
51,197,4493,41132
51,199,3617,81169
51,510,14266,86419
51,520,3696,34099
51,530,1056,38331
51,540,11276,45890
51,550,22416,66625
51,570,2015,52355
51,580,936,36503
51,590,9627,33646
51,595,1364,33160
51,600,1866,94067
51,610,438,125635
51,620,1888,38583
51,630,4291,51195
51,640,1526,33182
51,650,20149,47615
51,660,12785,38541
51,670,4268,40122
51,678,1112,40829
51,680,17175,40065
51,683,4104,72510
51,685,1350,73065
51,690,3187,29971
51,700,29082,48440
51,710,49728,42567
51,720,856,31620
51,730,8256,32749
51,735,707,84213
51,740,17017,43045
51,750,4678,34267
51,760,51415,42074
51,770,19938,40735
51,775,2393,54195
51,790,3791,42552
51,800,11668,60735
51,810,37886,67676
51,820,3092,44843
51,830,2071,46954
51,840,3574,44537
53,0,913463,61358
53,1,3598,47423
53,3,3573,44055
53,5,26893,58750
53,7,10298,49174
53,9,11518,47185
53,11,44213,61747
53,13,607,45465
53,15,20701,44235
53,17,6120,51151
53,19,1700,39992
53,21,14661,55006
53,23,310,46404
53,25,14508,50388
53,27,13322,43205
53,29,7964,59358
53,31,4183,50964
53,33,230750,75738
53,35,27550,61898
53,37,7459,48127
53,39,3029,49348
53,41,12695,44243
53,43,1274,49955
53,45,9040,52313
53,47,9427,37782
53,49,3606,40189
53,51,2868,42579
53,53,106432,60397
53,55,2018,54721
53,57,18627,51395
53,59,1421,52673
53,61,73930,71890
53,63,76910,50083
53,65,8368,43823
53,67,31197,61653
53,69,558,51022
53,71,8682,49819
53,73,31842,53733
53,75,11567,41837
53,77,50044,44342
54,0,328734,41030
54,1,3409,35615
54,3,14356,56737
54,5,5172,37625
54,7,3124,33817
54,9,3416,43572
54,11,20377,34887
54,13,1623,32162
54,15,2214,32961
54,17,1305,41838
54,19,9215,36739
54,21,1851,32705
54,23,1959,41039
54,25,7308,36996
54,27,4855,35980
54,29,3841,48178
54,31,2103,41010
54,33,9412,42121
54,35,4817,41121
54,37,5526,66950
54,39,31400,43936
54,41,3212,40568
54,43,5215,34295
54,45,6972,36437
54,47,6981,24707
54,49,9920,43729
54,51,4820,43356
54,53,5397,35799
54,55,12413,35046
54,57,4307,40012
54,59,7163,29839
54,61,21601,43835
54,63,2595,36351
54,65,2246,44446
54,67,5001,36375
54,69,7506,40195
54,71,1197,38204
54,73,1152,44801
54,75,1460,34341
54,77,5501,41420
54,79,5631,59472
54,81,13163,40270
54,83,5609,37468
54,85,1739,46383
54,87,3336,33041
54,89,3134,32456
54,91,2765,40305
54,93,1152,36466
54,95,1415,41019
54,97,4599,38387
54,99,8169,37242
54,101,2278,29331
54,103,2914,40013
54,105,1178,38600
54,107,14609,41932
54,109,5100,34419
55,0,737307,52632
55,1,3352,42063
55,3,2303,41294
55,5,6130,46375
55,7,2011,44395
55,9,29879,54141
55,11,1375,50998
55,13,2505,41810
55,15,2891,68430
55,17,6497,52485
55,19,5412,45316
55,21,4866,59020
55,23,2293,43562
55,25,67242,61937
55,27,8158,54359
55,29,3016,49717
55,31,5896,46475
55,33,5677,52224
55,35,13916,48102
55,37,565,44562
55,39,9698,52149
55,41,1519,41418
55,43,7043,46972
55,45,3174,53328
55,47,2111,51175
55,49,2090,58419
55,51,903,39408
55,53,2698,47985
55,55,8594,56365
55,57,3274,45158
55,59,25089,53945
55,61,1807,56160
55,63,14121,49790
55,65,1952,52260
55,67,3033,40968
55,69,2982,48881
55,71,8558,48430
55,73,13287,54400
55,75,5417,43701
55,77,1929,43661
55,78,1295,36774
55,79,205183,42946
55,81,6394,52978
55,83,3887,52776
55,85,4391,49040
55,87,17857,59377
55,89,4276,77364
55,91,866,53828
55,93,4153,68471
55,95,4781,52411
55,97,10259,52075
55,99,1741,42659
55,101,24966,54782
55,103,2343,44026
55,105,23554,51237
55,107,2387,39999
55,109,4199,75920
55,111,7429,50243
55,113,2731,40701
55,115,4548,47841
55,117,10165,55335
55,119,2363,48683
55,121,3521,50266
55,123,5395,46943
55,125,3126,41211
55,127,13748,52852
55,129,2072,42079
55,131,7761,69346
55,133,22536,76584
55,135,5228,52850
55,137,3184,46835
55,139,19505,52711
55,141,8201,51003
56,0,63860,58291
56,1,8547,42838
56,3,1251,50437
56,5,3391,79358
56,7,1851,58225
56,9,1299,63166
56,11,602,59701
56,13,5558,48624
56,15,1762,45721
56,17,513,44427
56,19,824,51434
56,21,10165,57192
56,23,1656,63575
56,25,8262,57427
56,27,326,45251
56,29,3049,55354
56,31,1130,49713
56,33,2890,54716
56,35,675,77222
56,37,4346,72604
56,39,1751,75348
56,41,2081,56800
56,43,1030,50802
56,45,901,55520
