STCOU,POPESTIMATE2014,NPOPCHG2014,NATURALINC2014,INTERNATIONALMIG2014,DOMESTICMIG2014
1001,55395,259,126,11,129
1003,200111,4668,222,283,3779
1007,22506,2,16,3,-8
1009,57719,-1,112,12,-114
1015,115916,-631,-109,31,-471
1017,34076,-99,-48,32,-88
1021,43931,95,92,19,6
1031,50909,48,88,149,-174
1033,54543,44,-47,34,96
1037,10886,-179,-13,1,-177
1043,81289,506,16,43,426
1045,49484,-361,133,116,-592
1047,41711,-391,9,16,-404
1051,80977,169,209,38,-107
1055,103531,-431,-287,63,-190
1061,26712,-30,-32,-3,13
1065,15184,-127,12,8,-140
1067,17190,-34,-24,12,-9
1069,104193,567,168,51,316
1071,52665,-279,-68,39,-224
1073,660793,1596,1767,797,-648
1077,93096,322,-165,59,453
1079,33477,-94,-22,1,-47
1081,154255,2547,831,611,1034
1083,90787,1863,306,75,1452
1085,10580,-150,5,1,-165
1089,350299,3226,1232,590,1331
1095,94636,67,129,146,-207
1097,415123,563,1211,683,-1143
1101,226189,-1082,910,470,-2368
1103,119607,-21,170,118,-252
1107,20365,982,-10,0,954
1109,33389,-293,15,117,-416
1113,59608,178,320,25,-162
1115,86697,453,190,60,150
1117,206655,2459,1055,350,1041
1121,81322,-17,-153,6,164
1125,202212,1468,788,258,502
1127,65471,-388,-183,13,-197
2020,301010,-619,2988,1197,-5001
2090,99357,-1450,1166,298,-3017
2110,32406,-220,228,59,-528
2130,13787,92,104,47,-71
2170,97882,1990,845,41,1122
4003,127448,-2296,417,295,-2987
4005,137682,992,925,124,-124
4007,53119,56,-150,30,180
4009,37957,522,289,2,236
4013,4087191,74027,27251,9931,34284
4015,203361,506,-942,12,1104
4017,108101,755,675,39,48
4019,1004516,6466,2893,2260,861
4021,401918,10953,2046,785,6843
4023,46695,-426,362,88,-898
4025,218844,3455,-826,161,3828
4027,203247,1214,1722,471,-1198
5005,40857,-139,-332,0,243
5007,242321,5020,1745,593,2706
5009,37196,-193,27,7,-224
5013,5202,-17,4,0,-24
5019,22576,-121,-22,22,-136
5025,8449,-113,2,0,-115
5027,23933,-333,-5,41,-361
5031,102518,871,542,105,284
5033,61697,39,198,9,-131
5035,49548,-210,278,23,-506
5045,120768,1378,708,90,585
5051,97322,257,-147,18,432
5053,18144,98,55,12,41
5055,43694,622,80,11,534
5059,33368,-72,-10,0,-40
5063,36959,116,69,24,42
5069,72297,-787,72,8,-881
5079,13970,-73,-30,0,-43
5081,12532,-209,-3,-1,-208
5085,71557,723,357,116,191
5087,15740,19,55,8,-38
5091,43428,48,137,-2,-76
5093,44235,-499,108,30,-645
5101,7904,-164,-26,0,-140
5103,24828,-185,-47,6,-124
5105,10245,-99,-24,1,-110
5107,19930,-496,55,2,-579
5111,24246,24,-8,34,-18
5115,63201,454,204,121,131
5119,392702,1166,2074,675,-1357
5123,26899,-403,26,22,-450
5125,115719,1534,403,45,1104
5131,126776,-342,478,118,-902
5139,40227,-448,-39,12,-434
5143,220792,4039,1988,807,1232
5145,78592,-69,229,55,-320
5149,21951,144,67,24,-5
6001,1610921,27695,9962,11155,7275
6007,224241,1821,122,274,1404
6013,1111339,15359,4477,4265,6860
6015,27212,-615,48,17,-685
6017,183087,1545,40,177,1330
6019,965974,9872,9256,2152,-1331
6023,134809,189,184,97,-15
6025,179091,1574,2093,288,-819
6029,874589,8666,9000,1842,-1775
6031,150269,-593,1527,359,-2504
6033,64184,341,-38,17,378
6035,31749,-463,75,34,-577
6037,10116705,62710,68605,52572,-53504
6039,154548,2383,1264,207,939
6041,260750,1929,423,924,724
6045,87869,398,321,98,61
6047,266353,2872,2642,558,-185
6053,431344,2221,4163,1141,-2974
6055,141667,1087,205,487,424
6057,98893,631,-62,67,709
6059,3145515,23661,19222,13400,-7945
6061,371694,4355,784,699,2530
6065,2329271,32315,14988,4377,12228
6067,1482026,18877,8735,5465,4539
6069,58267,673,426,69,203
6071,2112619,19313,17247,4277,-1869
6073,3263431,40873,23732,14637,2549
6075,852469,11331,3142,7596,521
6077,715597,10570,5004,1771,3789
6079,279083,2799,411,245,2022
6081,758581,8092,4369,4676,-788
6083,440668,4592,2623,1420,628
6085,1894605,23498,14114,17385,-7371
6087,271804,2360,1301,427,678
6089,179804,667,49,228,402
6095,431131,5912,1976,1523,2291
6097,500292,4860,1081,701,2859
6099,531997,5711,3803,1366,636
6101,95847,560,531,516,-485
6103,63067,-63,181,63,-322
6107,458198,3473,5157,439,-1916
6109,53831,-80,-90,53,-25
6111,846178,5206,5005,1840,-1530
6113,207590,2105,1254,1092,-244
6115,73966,605,735,157,-245
8001,480718,10171,4176,832,5114
8005,618821,10693,4179,2289,4220
8013,313333,2937,1303,922,731
8014,62138,1832,400,115,1186
8019,9187,77,8,15,57
8031,663862,15461,5421,2047,7977
8035,314638,8341,2354,417,5149
8037,52921,480,537,101,-170
8039,24195,482,49,15,412
8041,663519,8066,5127,1575,1406
8043,46502,39,-191,50,184
8045,57461,359,496,102,-231
8047,5851,279,23,2,246
8059,558503,6955,1683,568,4850
8067,53989,655,213,38,424
8069,324122,7628,1482,411,5481
8075,22524,117,41,10,67
8077,148255,556,469,67,-17
8081,12928,-187,103,13,-323
8085,40873,129,51,59,-11
8087,28328,-61,209,115,-373
8093,16345,217,31,7,175
8097,17626,245,86,67,91
8101,161875,555,270,65,247
8107,23865,407,94,23,283
8117,29404,649,212,149,289
8119,23389,131,26,-4,105
8123,277670,7110,2434,319,4258
9001,945438,3319,3508,6135,-6506
9003,897985,-863,1589,4758,-7090
9005,184993,-1667,-335,161,-1444
9007,164943,-446,4,410,-735
9009,861277,-1739,1349,3728,-6725
9011,273676,-300,400,1212,-1831
9013,151367,-339,177,336,-766
9015,116998,-629,228,282,-1119
10001,171987,2425,677,392,1206
10003,552778,3545,2207,1654,2
10005,210849,4404,-28,341,3582
11001,658893,9782,4419,3760,1173
12001,256380,3071,1009,1351,623
12003,27093,76,119,6,-34
12005,178985,4019,500,310,3043
12009,556885,5445,-1469,1167,5098
12011,1869235,23842,6285,15486,2372
12015,168474,3526,-1383,277,4009
12017,139377,243,-1401,90,1449
12019,199798,3263,502,489,2132
12021,348777,8671,31,2189,5514
12023,67857,294,1,29,312
12027,35012,396,81,122,194
12031,897698,10376,4551,3011,2636
12033,310659,2788,613,809,1327
12035,102408,2458,-316,228,2197
12039,46281,90,32,102,-33
12041,16997,90,30,11,65
12045,15944,139,-27,2,151
12049,27469,59,218,116,-282
12051,38505,755,312,206,256
12053,175855,1650,-1126,216,2380
12055,98236,317,-561,223,596
12057,1316298,22153,6108,7373,8500
12061,144755,2734,-631,256,2501
12065,14050,-142,-7,1,-135
12069,315690,7575,-617,692,6735
12071,679513,18177,-52,2922,13517
12073,283988,1804,1174,716,-50
12081,351746,9329,-127,1117,7480
12083,339167,3008,-1298,615,3495
12085,153392,1914,-717,239,2122
12086,2662874,21008,10470,38734,-27175
12087,77136,600,55,429,163
12089,76619,991,-44,63,815
12091,196512,2606,1049,611,831
12093,39149,73,129,77,-101
12095,1253001,26237,8447,9763,8190
12097,310211,10713,2065,3368,4814
12099,1397710,21511,-36,8035,12277
12101,485331,9636,-923,897,8950
12103,938098,7989,-3392,2539,8542
12105,634638,11479,1053,2675,7436
12107,72143,-400,-105,63,-331
12109,217919,8375,344,146,7343
12111,291028,4721,-72,753,3542
12113,163422,2611,532,255,1693
12115,396962,6720,-2437,828,7115
12117,442516,5810,1240,1221,3154
12119,114350,5867,-960,73,5058
12127,507531,6330,-1697,955,6572
12129,31432,416,94,16,317
12131,61530,2127,190,51,1747
13007,3255,-66,3,1,-79
13009,45909,-230,51,45,-301
13013,73240,1815,535,78,1123
13015,101736,447,431,82,-70
13017,17464,-26,22,7,-58
13021,153905,-710,592,188,-1439
13025,18417,118,14,-5,121
13027,15418,-213,7,4,-217
13029,33906,773,333,47,362
13031,72087,779,287,134,344
13033,22709,-216,75,1,-294
13035,23368,146,36,2,110
13039,52027,510,533,94,-126
13045,114093,1705,491,137,1067
13047,65621,286,189,25,40
13051,283379,4951,1629,839,2450
13053,11837,-513,202,160,-890
13055,24939,-181,-9,19,-184
13057,230985,6116,1475,261,4032
13059,120938,-268,744,437,-1469
13063,267542,2699,2245,778,-282
13067,730981,12773,5385,2734,4720
13069,42811,-318,219,61,-614
13071,46102,-186,231,73,-467
13073,139257,2970,787,322,1806
13077,135571,2349,709,148,1412
13079,12387,-94,-20,0,-78
13081,22934,-298,18,8,-316
13083,16389,-113,6,5,-135
13085,22957,306,88,-8,202
13087,27220,-152,59,4,-232
13089,722161,7226,6433,4537,-3670
13095,92407,-723,440,82,-1216
13097,138776,2216,800,292,1120
13101,4003,6,34,1,-39
13103,55423,935,360,17,540
13113,109664,1309,52,210,976
13115,96063,38,93,116,-128
13117,204302,8990,1157,510,6932
13121,996319,11598,6078,4246,1469
13127,82175,642,178,118,265
13129,56047,217,226,92,-88
13135,877922,18966,7256,4056,7510
13137,43752,458,93,-1,348
13139,190761,3002,1127,290,1370
13141,8509,-389,-22,0,-369
13143,28641,159,21,7,147
13145,32876,203,5,3,192
13149,11603,42,17,0,30
13151,213869,3114,1193,283,1498
13153,149111,1192,903,306,-45
13157,61870,899,266,41,562
13159,13432,-111,32,2,-149
13167,9701,-75,-10,0,-66
13169,28787,18,4,7,18
13171,18207,261,-19,7,278
13173,10373,-25,35,15,-73
13175,47851,-76,119,15,-187
13177,29191,130,168,13,-67
13179,65198,1141,1154,311,-328
13181,7622,-97,-14,0,-78
13183,17113,472,127,47,277
13185,113523,721,741,187,-274
13189,21370,-51,37,-3,-74
13191,14214,34,27,0,18
13195,28312,196,64,18,126
13197,8797,76,10,44,27
13199,21198,-9,-21,2,25
13207,27051,46,-34,7,45
13209,8991,18,30,7,-25
13211,17956,204,13,0,188
13213,39410,112,98,33,-46
13215,200887,-3065,1448,485,-5026
13217,103675,1474,511,45,897
13219,35093,1043,125,25,841
13221,14673,161,18,7,115
13223,148987,1806,941,143,651
13225,26922,17,120,31,-121
13227,29997,488,-23,19,483
13229,18991,43,50,8,-1
13231,17784,-12,12,2,-15
13233,41133,-44,114,88,-244
13235,11483,-48,-31,0,-7
13245,201368,92,1130,425,-1456
13247,87754,939,381,135,412
13249,5163,91,21,0,68
13255,63988,247,77,74,73
13257,25480,-115,23,18,-143
13261,31232,-125,106,14,-256
13273,9132,-82,36,1,-118
13275,44959,111,146,12,-58
13277,40704,424,167,44,214
13279,27282,-20,95,21,-122
13285,69469,462,201,43,221
13289,8320,-142,-61,-1,-94
13293,26256,-266,-65,11,-195
13295,68218,-99,5,8,-58
13297,87615,1628,375,34,1125
13299,35515,-189,74,23,-279
13305,29949,-109,58,6,-166
13313,103542,455,616,79,-189
13321,20940,-124,25,-2,-137
15001,194190,2781,726,770,1221
15003,991788,4769,5874,6702,-7336
15005,89,0,0,0,0
15007,70475,796,250,408,167
15009,163019,2228,793,711,807
16001,426236,9680,2561,770,5881
16005,83347,25,632,87,-652
16011,45269,-139,452,-1,-577
16013,21482,160,136,42,-2
16015,6824,80,-13,7,88
16017,41585,882,35,12,773
16019,108623,1073,1186,55,-181
16023,2622,-6,14,-1,-30
16025,1039,0,7,0,-17
16027,203143,4103,1881,110,1922
16031,23540,198,223,4,-26
16039,26094,-62,267,89,-427
16041,13021,172,125,0,55
16043,12867,-45,98,1,-140
16045,16866,172,27,30,118
16051,27021,153,352,6,-199
16053,22818,212,259,36,-77
16055,147326,2969,503,47,2135
16057,38411,190,246,88,-138
16063,5316,9,41,5,-43
16065,38038,466,948,25,-518
16067,20323,13,193,36,-220
16069,40007,69,43,36,25
16073,11353,-70,67,8,-141
16075,22836,245,123,-3,133
16081,10341,40,134,13,-104
16083,80914,1075,521,149,409
17001,66988,-58,-21,13,-83
17003,7492,-151,-2,5,-162
17005,17269,-192,-12,15,-205
17007,53869,-41,233,-1,-245
17011,33840,-244,-40,16,-194
17013,4956,-86,-17,2,-70
17019,207133,1372,1115,1904,-1602
17021,33892,-279,-31,13,-240
17027,37857,-38,59,8,-107
17029,53320,-321,35,25,-358
17031,5246456,-179,28798,19520,-48625
17035,10833,-38,-11,14,-52
17037,105462,660,495,212,-69
17039,16284,-117,-31,1,-94
17043,932708,1186,4327,3145,-5878
17049,34320,14,117,5,-150
17053,13688,-126,-65,6,-65
17057,36007,-362,-109,13,-295
17063,50425,276,230,4,4
17067,18564,33,-9,4,-56
17071,6916,7,-36,-1,47
17073,49635,-115,2,2,-85
17077,59677,-304,200,297,-786
17081,38534,-187,36,50,-254
17083,22571,-67,30,10,-102
17089,527306,3029,3585,710,-1295
17091,111375,-818,214,86,-1112
17093,121350,1825,1167,101,560
17095,52069,-166,-38,72,-162
17097,705186,1186,3611,1806,-3983
17099,111241,-798,-117,50,-668
17103,34735,-146,-22,2,-100
17105,37903,-340,99,18,-454
17107,29746,-197,-32,14,-159
17109,31880,-540,25,45,-685
17111,307283,-84,1299,359,-1623
17113,174061,-832,1053,589,-2507
17115,108350,-1085,213,85,-1378
17117,46453,-439,-125,18,-309
17119,266560,-687,342,153,-1041
17121,38571,-75,88,7,-150
17123,12014,-126,-38,12,-100
17127,14905,-75,-15,2,-60
17129,12570,-38,-6,0,-24
17131,15945,-178,-30,1,-146
17133,33722,152,40,-1,53
17137,34929,-109,12,24,-137
17141,52085,-292,40,21,-323
17143,187319,-1210,968,364,-2532
17147,16431,-9,2,3,-20
17155,5814,-11,-7,0,1
17161,146063,-741,421,380,-1498
17163,265729,-1336,735,235,-2240
17167,198997,-40,269,179,-466
17171,5204,-30,8,0,-39
17175,5813,-70,-29,2,-62
17177,46435,-347,-34,15,-310
17179,135707,-665,241,22,-962
17183,79728,-690,161,24,-878
17195,56876,-398,0,14,-378
17197,685419,1711,3694,1056,-2866
17199,67008,-80,54,29,-106
17201,288542,-2303,850,372,-3509
17203,39187,32,50,16,-15
18001,34791,106,443,7,-350
18003,365918,2322,2322,829,-674
18005,80217,668,415,259,40
18007,8700,-48,14,5,-70
18011,61915,1396,314,63,987
18013,14962,-92,-9,1,-93
18015,19923,-173,47,6,-216
18017,38438,-104,104,92,-289
18019,114262,1462,367,119,966
18021,26562,-235,34,8,-278
18023,32776,-182,168,34,-382
18027,32729,426,220,28,189
18029,49506,-293,104,18,-391
18031,26524,262,73,45,131
18033,42383,81,104,15,-8
18035,117074,-281,67,132,-398
18037,42345,27,131,46,-130
18039,201971,1380,1500,149,-171
18041,23468,-371,-47,1,-319
18043,76179,120,187,11,-78
18053,68569,-475,-59,29,-395
18057,302623,5795,2273,686,2612
18059,71978,882,211,8,642
18061,39299,217,55,24,158
18063,156056,2412,734,275,1319
18065,48995,-71,-93,9,54
18067,82982,21,128,80,-155
18069,36706,-135,50,21,-181
18071,43705,269,169,67,39
18073,33475,94,74,4,22
18077,32494,-17,37,12,-60
18079,28000,-272,67,10,-337
18081,147538,1732,697,213,737
18083,37938,-126,104,38,-258
18085,78564,567,388,69,165
18089,490228,-1175,1095,281,-2258
18091,111444,188,108,16,96
18093,45704,-169,-36,29,-132
18095,130069,-301,66,75,-356
18097,934243,5894,6948,2919,-3746
18099,47107,70,135,48,-80
18103,35954,-179,10,2,-172
18105,143339,1319,462,943,-72
18107,38146,16,116,9,-88
18109,69693,247,131,37,106
18111,14156,77,16,6,60
18113,47618,107,154,9,-26
18115,6035,0,-6,0,-10
18119,20969,-201,-32,0,-160
18125,12624,-42,-13,1,-21
18127,167076,649,283,117,267
18129,25540,25,51,-1,-20
18133,37618,86,4,46,62
18141,267618,768,1075,513,-714
18143,23712,-140,-9,0,-134
18145,44579,77,61,47,-36
18151,34308,14,49,3,-41
18153,21050,-143,28,4,-187
18157,183074,2149,1263,1394,-452
18161,7246,-63,4,0,-76
18163,182006,482,535,162,-108
18165,15693,-162,-39,0,-124
18167,108175,-181,137,192,-510
18169,32252,-96,-62,11,-52
18173,61149,148,64,47,-17
18175,27878,68,29,11,34
18177,67671,-307,-52,8,-220
18179,27862,126,105,7,33
18183,33403,165,91,15,63
19011,25680,-57,36,9,-93
19013,132897,306,498,181,-310
19015,26433,81,26,1,54
19017,24721,144,49,11,105
19021,20578,-6,184,69,-260
19033,43254,-251,-29,34,-251
19041,16515,41,21,2,32
19045,48051,-279,58,23,-340
19049,77400,2673,819,154,1591
19051,8781,11,59,0,-48
19057,40255,-197,23,25,-231
19059,16935,-14,-29,3,19
19061,96370,458,322,80,60
19075,12375,64,15,2,58
19077,10722,47,-7,4,48
19085,14324,-113,-21,1,-87
19099,36872,141,63,11,90
19101,17325,49,-12,174,-105
19103,142287,2473,1154,905,399
19105,20454,-70,3,7,-67
19111,35286,-100,16,9,-99
19113,217751,1664,1051,319,365
19121,15609,146,9,5,117
19123,22370,-42,42,15,-95
19127,40866,-156,97,149,-403
19129,14831,-79,34,9,-117
19139,42903,-15,216,42,-270
19149,24874,-50,51,7,-92
19153,459862,8040,3563,1355,3184
19155,93128,282,257,38,39
19163,171387,834,831,151,-42
19169,94073,663,446,693,-446
19179,35212,-161,45,54,-266
19181,47956,557,144,19,385
19183,22070,55,71,5,-4
19187,36955,-261,17,19,-279
19193,102271,-7,594,209,-759
19195,7624,83,18,0,70
20005,16513,-204,35,4,-245
20009,27385,-125,96,13,-225
20015,66227,343,223,35,104
20035,35963,-267,64,48,-379
20037,39290,-40,119,83,-226
20043,7874,15,18,7,-7
20045,116585,1782,664,621,523
20051,29013,-47,148,31,-213
20055,37184,53,506,167,-625
20057,34795,-155,455,155,-763
20059,25611,-179,71,17,-268
20061,36713,-274,770,288,-1339
20079,34820,17,133,40,-142
20085,13539,166,43,6,126
20087,18855,31,66,1,-49
20091,574272,6946,3831,1376,1636
20093,3915,11,27,5,-26
20095,7698,-139,-18,0,-125
20099,20960,-9,59,17,-78
20103,78797,563,423,146,20
20107,9502,-29,-19,0,-3
20111,33212,-310,153,117,-587
20113,29241,-365,13,19,-389
20121,32822,-17,96,-1,-107
20125,34065,-331,131,32,-506
20139,15936,-146,-47,0,-108
20143,6065,-6,10,2,-20
20149,22897,227,195,33,-1
20155,63794,-361,45,12,-410
20161,75194,-711,827,712,-2277
20169,55755,-75,297,89,-453
20173,508803,2682,3615,896,-1746
20175,23465,-5,339,109,-477
20177,178406,-168,645,157,-930
20191,23528,-86,32,1,-116
20197,7022,-19,67,2,-84
20209,161636,1035,1396,479,-852
21003,20384,115,10,3,108
21005,21888,136,56,2,79
21007,8240,-42,-18,1,-35
21009,43148,102,72,23,26
21011,12206,198,36,0,151
21013,27778,-127,19,4,-148
21015,126413,1878,927,323,579
21017,19972,37,0,14,23
21019,48832,-131,15,-10,-132
21021,29706,118,8,7,115
21023,8406,-34,4,3,-49
21029,77955,1136,188,-5,913
21031,12875,49,19,42,-12
21035,38282,141,11,127,34
21037,91833,448,293,121,57
21047,74250,-172,938,360,-1480
21049,35758,151,80,12,65
21059,98275,75,339,43,-260
21061,12013,-69,-45,-1,-11
21067,310797,2386,1907,1163,-512
21073,49880,219,77,63,54
21075,6265,-120,-23,0,-98
21077,8589,85,40,1,35
21081,24875,299,125,-3,168
21083,37618,238,66,74,121
21089,36308,-188,-77,6,-101
21091,8753,67,27,0,43
21093,108266,193,674,215,-693
21101,46467,78,44,12,42
21103,15572,141,6,6,137
21107,46376,-180,-5,13,-182
21111,760026,2744,2817,2051,-1581
21113,50815,731,275,57,373
21117,163929,562,987,138,-489
21121,31798,-39,38,6,-100
21123,14180,104,-4,4,107
21125,60015,334,119,15,174
21137,24445,32,52,-1,-13
21139,9359,-9,-11,5,-12
21145,65316,-64,-64,-1,25
21149,9478,-35,14,3,-53
21151,87340,1159,357,73,709
21161,17166,-143,40,2,-192
21163,29139,-107,34,80,-214
21165,6287,-36,-11,-1,-25
21169,9990,27,-8,0,37
21173,27474,192,149,8,19
21179,44812,320,225,-3,117
21185,63490,1036,161,71,835
21191,14493,-86,22,0,-106
21199,63825,137,-21,15,148
21203,16826,71,-56,0,131
21209,51284,1251,328,26,854
21211,44875,616,365,30,247
21215,17668,114,26,-3,82
21217,25257,67,15,35,2
21221,14142,-160,-15,0,-147
21223,8786,-56,3,19,-80
21227,120460,1796,653,464,707
21235,35503,-83,49,33,-147
21239,25563,309,87,20,207
22001,62486,317,237,43,67
22005,117029,2597,850,77,1638
22011,36198,-25,133,25,-166
22015,125064,1216,871,220,111
22017,252603,-2561,1027,239,-3814
22019,197204,1422,873,234,391
22023,6679,0,-3,0,-7
22029,20466,-9,37,-1,-51
22031,27142,30,111,9,-71
22033,446042,763,2353,1079,-2459
22037,19813,108,-18,6,102
22043,22384,33,77,14,-61
22045,73913,-117,250,132,-484
22047,33327,-111,178,25,-324
22051,435716,192,1492,1811,-3004
22055,235644,4334,1650,514,2110
22057,98020,695,391,193,165
22061,47617,89,186,254,-336
22063,135751,1513,774,94,675
22067,26760,-275,-4,5,-270
22069,39166,26,134,18,-125
22071,384320,5314,1617,1016,2789
22073,156325,143,670,163,-676
22075,23447,-173,147,8,-324
22077,22406,-37,37,17,-81
22079,132488,-64,380,151,-566
22087,44409,1029,335,30,594
22089,52745,123,270,25,-165
22091,10619,-232,15,0,-246
22093,21638,-62,73,17,-171
22095,43745,126,137,52,-66
22097,83709,237,261,9,-12
22099,53315,369,254,40,77
22101,53162,-371,229,48,-629
22103,245829,3351,600,286,2357
22105,127049,1541,726,114,688
22109,113328,690,502,79,145
22111,22539,103,60,8,11
22113,59616,308,247,72,11
22115,52132,-696,641,221,-1576
22117,46286,-98,-51,4,-46
22119,40333,-368,-33,9,-334
22121,25085,530,139,6,386
22125,15406,-62,22,8,-88
23001,107440,49,281,118,-310
23005,287797,1931,286,711,870
23011,121112,56,-79,27,163
23019,153414,-65,-42,154,-150
23023,35045,11,-50,15,18
23031,200710,1247,54,81,1027
24001,72952,-579,-231,52,-359
24003,560133,3785,2789,1384,-57
24005,826925,3042,1495,3648,-1770
24009,90613,133,272,88,-226
24013,167830,336,152,52,121
24015,102383,384,229,112,99
24017,154747,1847,947,266,698
24019,32578,-34,33,16,-54
24021,243675,2261,1143,804,342
24025,250105,690,665,398,-343
24027,309284,4350,1893,1773,777
24031,1030447,10680,7294,10146,-6531
24033,904430,10231,5978,6703,-1999
24035,48804,232,79,18,141
24037,110382,898,615,186,71
24039,25859,-280,6,71,-354
24041,37643,-306,-113,55,-217
24043,149573,307,262,213,-156
24045,101539,578,209,458,-72
24047,51675,80,-180,85,226
24510,622793,-611,2219,2366,-5317
25001,214914,78,-1245,338,975
25003,128715,-774,-318,200,-544
25005,554194,2027,568,885,869
25007,17356,166,30,15,125
25009,769091,4998,2160,3893,-608
25011,70862,-293,-38,129,-333
25013,468161,747,1150,2690,-2910
25015,160939,-31,-106,726,-636
25017,1570315,12184,6723,11606,-5702
25021,692254,3545,1647,3167,-746
25023,507022,3386,828,1390,1287
25025,767254,7161,4764,8734,-6413
25027,813475,3052,1965,3437,-1823
26005,113847,1362,447,66,883
26007,28988,-93,-86,15,8
26015,59281,150,80,14,102
26017,106179,-757,-97,43,-634
26019,17519,113,-47,1,171
26021,155233,-88,213,336,-529
26023,43545,73,74,37,-2
26025,134878,48,310,201,-399
26027,51608,-74,-36,19,-15
26033,38321,-358,-11,50,-434
26037,77297,191,228,82,-83
26041,36559,-260,-75,4,-157
26043,25957,-100,-41,1,-58
26045,108579,336,146,178,21
26049,412895,-2728,533,255,-3303
26055,90782,758,152,24,536
26057,41665,-369,-21,25,-396
26059,45830,-285,59,3,-339
26061,36495,-234,24,179,-423
26065,284582,1583,1191,1852,-1376
26067,64294,298,228,5,103
26073,70616,192,204,146,-135
26075,159741,-168,164,111,-351
26077,258818,1607,1084,577,29
26079,17394,120,13,7,104
26081,629237,6841,4652,1059,1249
26083,2217,36,6,0,30
26087,88153,-104,6,50,-113
26089,21915,168,-58,18,221
26091,99047,-1,45,105,-139
26093,185596,1204,316,53,854
26099,860112,5115,1078,2188,2192
26103,67676,13,3,20,38
26105,28824,159,-19,14,179
26107,43186,-32,50,58,-118
26109,23714,-121,10,6,-121
26111,83427,-166,137,142,-436
26113,15037,-55,29,14,-85
26115,149824,-355,92,74,-432
26117,62893,50,162,33,-112
26121,172344,98,434,85,-348
26125,1237868,6048,3502,4716,-1606
26139,276292,3415,1649,442,1301
26145,195012,-1648,241,168,-1958
26147,160078,-147,-114,122,-61
26149,60946,105,214,36,-104
26155,68933,17,17,21,-10
26159,75199,-147,199,30,-326
26161,356874,2456,1551,2119,-1090
26163,1764804,-10899,5517,4067,-21314
26165,32886,325,50,4,288
27003,341864,2635,2333,579,-89
27007,45664,82,350,34,-292
27009,39506,256,286,9,-52
27013,65385,550,295,96,156
27015,25292,-1,-22,5,23
27017,35571,188,18,5,185
27019,97338,1694,693,90,896
27021,28559,32,49,5,-28
27025,54025,236,234,15,-14
27027,61286,640,380,86,177
27035,63265,140,88,28,57
27037,412529,3700,2899,799,55
27039,20353,34,120,21,-103
27041,36790,227,-19,18,196
27045,20776,-49,-3,13,-51
27047,30840,-132,3,25,-137
27049,46423,7,58,25,-69
27053,1212064,12004,8549,5800,-1699
27055,18738,-88,7,6,-95
27059,38413,239,138,23,78
27067,42285,-118,207,91,-401
27079,27770,92,75,16,12
27083,25665,-9,119,53,-184
27085,35882,-71,98,14,-192
27095,25884,0,105,8,-115
27099,39323,5,131,73,-206
27103,33093,210,119,11,95
27105,21590,-129,160,185,-499
27109,150287,1055,1150,610,-648
27111,57635,44,-33,60,55
27119,31704,1,92,34,-104
27123,532655,4988,3938,3302,-1994
27131,65151,297,280,116,-126
27137,200949,186,53,199,68
27139,139672,2069,1419,294,357
27141,91126,929,674,61,147
27143,14918,-140,53,4,-189
27145,152912,814,913,239,-243
27147,36573,144,151,32,-58
27157,21362,-100,66,19,-193
27163,249283,2600,1357,466,781
27167,6495,-55,-17,0,-39
27169,51097,-165,45,69,-293
27171,129918,1620,1051,70,511
28001,31737,-306,-70,24,-253
28003,37380,16,15,24,-2
28005,12629,-266,-25,0,-233
28009,8296,-210,-13,-2,-203
28011,33768,-251,133,-1,-385
28015,10254,-99,-27,-1,-70
28021,9080,-97,6,8,-112
28023,16299,-90,5,2,-106
28027,24807,-358,105,16,-482
28029,28797,2,40,9,-27
28033,170913,2549,849,85,1585
28035,76330,-415,321,115,-860
28043,21666,114,2,-1,99
28045,45949,362,48,44,301
28047,199058,2461,1065,405,926
28049,243729,-1887,1175,239,-3371
28057,23527,66,59,-1,5
28059,141137,863,215,201,516
28061,16601,84,88,0,-10
28067,68290,-596,184,12,-762
28069,10163,-113,-23,1,-86
28071,52930,937,211,140,522
28073,60099,1116,513,-2,611
28075,79739,-593,217,97,-884
28081,85246,-194,131,34,-397
28083,31422,-170,98,46,-304
28085,34775,25,74,7,-36
28087,59730,-171,265,79,-480
28089,101688,1447,187,175,889
28093,36234,-286,17,11,-302
28105,49414,130,212,153,-262
28109,55224,267,17,2,214
28111,12227,109,34,0,71
28113,40058,43,47,10,0
28115,30950,180,226,10,-52
28121,148070,935,782,80,96
28127,27463,-14,38,5,-49
28133,27496,-507,33,-3,-551
28137,28204,-145,38,6,-171
28143,10598,86,124,17,-50
28149,47983,-303,123,29,-431
28151,48958,-680,101,-6,-758
28163,27817,-138,122,19,-302
29001,25602,-111,60,95,-261
29003,17379,-41,12,0,-43
29007,25887,252,28,2,227
29013,16584,53,-4,5,51
29017,12394,-50,15,0,-59
29019,172717,1788,1157,662,-6
29021,89486,-252,298,162,-677
29023,42972,-20,52,8,-58
29025,9034,-41,1,0,-40
29027,44750,215,150,62,12
29031,78043,513,229,111,185
29037,100889,145,286,50,-199
29043,82101,1298,415,18,847
29045,6917,-6,19,0,-28
29047,233682,2976,1500,401,1107
29049,20299,-204,-9,-3,-208
29051,76557,-92,298,80,-438
29059,16389,-115,-1,-1,-102
29063,12692,-70,1,6,-72
29069,31344,-348,4,5,-378
29071,102084,327,309,11,0
29077,285865,1895,1019,297,539
29091,40173,-125,-11,20,-124
29095,683191,3109,3319,1006,-861
29097,117543,1119,650,140,348
29099,222716,1471,764,87,502
29101,54362,-120,351,131,-597
29105,35439,-201,84,4,-285
29107,32688,-210,40,5,-236
29111,10138,-7,14,4,-20
29113,54249,371,312,15,63
29119,22800,200,98,39,70
29127,28920,19,67,13,-38
29135,15856,106,69,5,30
29145,58598,-187,114,32,-290
29147,23081,-148,47,28,-215
29151,13703,-1,28,3,-30
29159,42225,26,184,55,-185
29161,44847,-89,115,175,-355
29165,94788,1535,578,141,845
29167,31054,-19,0,24,-51
29169,53436,-307,570,276,-1158
29173,10255,83,4,0,87
29175,25072,118,24,-1,92
29177,22949,-79,-27,0,-64
29183,379493,5593,2048,483,2915
29187,65960,-239,5,15,-267
29189,1001876,385,1993,2216,-3280
29195,23347,89,60,58,-16
29197,4370,11,5,-2,5
29201,38903,-318,74,17,-401
29209,31104,-247,-109,7,-197
29213,54230,722,110,120,485
29219,33253,243,124,1,136
29225,36888,386,213,2,172
29510,317419,-1077,1563,1229,-4063
30009,10399,94,-2,-2,101
30013,82344,-60,406,134,-540
30029,94924,1799,320,65,1306
30031,97308,2614,613,119,1784
30037,852,-5,1,0,-6
30043,11558,53,-31,5,73
30049,65856,523,180,47,292
30063,112684,915,425,119,386
30093,34680,168,-22,50,144
30111,155634,1574,672,51,903
31001,31457,-124,108,18,-260
31007,764,-13,3,5,-31
31019,48224,166,357,139,-326
31025,25524,143,65,7,66
31043,20850,-94,265,71,-427
31047,24096,-56,186,88,-323
31051,5782,-53,18,4,-71
31053,36744,127,82,21,21
31055,543244,5715,4768,1532,-331
31067,21663,-153,-14,-3,-132
31073,1970,-4,3,1,-7
31079,61492,569,422,349,-211
31081,9135,13,29,1,-13
31093,6362,21,17,1,8
31099,6644,91,30,4,58
31109,301795,4510,2171,895,1415
31111,35815,-277,97,33,-415
31113,750,-14,3,0,-19
31117,498,-25,-1,0,-26
31119,35174,-77,130,56,-274
31121,7766,-35,15,2,-51
31139,7202,38,17,1,22
31141,32666,153,209,34,-88
31153,172193,2835,1676,327,775
31155,20919,38,60,8,-17
31157,36465,-405,84,10,-499
31159,17150,86,44,2,40
31165,1303,-16,2,0,-30
31167,6069,-15,30,5,-65
31177,20258,27,42,0,-9
32001,23989,-56,77,65,-206
32003,2069681,40365,11215,7381,20261
32005,47536,455,-104,16,519
32007,52766,235,471,57,-322
32011,2018,-53,18,2,-85
32013,17279,-90,172,16,-296
32019,51789,389,-12,60,308
32023,42282,-16,-266,38,201
32029,3912,23,2,0,13
32031,440078,6254,1812,796,3359
32510,54522,461,-45,3,426
33001,60305,104,-191,73,184
33005,76115,-284,36,41,-321
33007,31653,-309,-152,20,-190
33009,89658,30,-8,281,-197
33011,405184,1786,1205,1001,-286
33013,147171,21,106,220,-241
33015,300621,1876,416,209,1350
33017,125604,962,287,135,576
33019,43103,117,-25,26,146
34001,275209,-958,678,1506,-3052
34003,933572,6138,2147,6202,-2083
34005,449722,-419,573,1080,-1780
34007,511038,-1087,1704,1590,-4161
34009,95344,-505,-381,186,-217
34011,157389,236,626,504,-813
34013,795723,3632,4376,5906,-6855
34015,290951,1011,488,318,305
34017,669115,5209,5904,9841,-11030
34019,126067,-406,42,229,-627
34021,371537,485,1416,2557,-3413
34023,836297,5482,3847,7774,-5903
34025,629279,-290,727,1315,-2063
34027,499727,55,964,2363,-3167
34029,586301,2889,1191,576,1087
34031,508856,1858,3375,3522,-5040
34033,64715,-391,-21,49,-399
34035,332568,1271,1053,1765,-1359
34037,144909,-831,72,153,-994
34039,552939,3216,2917,3976,-3735
34041,106917,78,43,214,-170
35001,675551,668,2828,1053,-3041
35005,65878,-163,341,49,-540
35006,27349,-134,158,12,-308
35009,50969,389,561,193,-352
35013,213676,-21,1444,147,-1644
35015,56395,909,304,1,550
35017,29096,-214,1,52,-282
35025,69999,1652,736,81,787
35028,17682,-149,65,63,-311
35029,24673,-105,147,13,-266
35031,74098,766,787,31,-28
35035,65082,-818,391,307,-1495
35039,39777,-311,180,18,-495
35041,19536,-447,103,21,-572
35043,137608,1129,498,56,450
35045,123785,-2663,796,27,-3497
35047,28239,-384,73,31,-521
35049,148164,858,315,421,116
35055,33084,54,33,18,-5
35057,15611,-102,10,23,-128
35061,75817,-453,224,27,-704
36001,308171,753,465,1300,-825
36005,1438159,10842,11364,16356,-17199
36007,197349,-854,-26,496,-1249
36009,78600,-396,80,66,-512
36011,78823,-512,100,72,-680
36013,132053,-1062,39,180,-1196
36015,87770,-715,80,78,-820
36019,81632,-141,83,156,-332
36021,62122,-167,-104,75,-106
36023,49024,-125,41,40,-190
36027,296579,-484,224,960,-1603
36029,922835,952,518,3028,-1895
36033,51262,-73,58,96,-198
36035,54105,-423,-62,30,-361
36037,59162,-260,-11,78,-327
36043,63744,-502,-24,73,-544
36045,119103,-433,1268,520,-2246
36047,2621793,19420,26174,24384,-32731
36051,64586,-145,-23,105,-188
36053,72369,-152,144,39,-308
36055,749857,-214,1912,2642,-4526
36057,49779,-51,25,101,-164
36059,1358627,3528,3108,4349,-3556
36061,1636268,4263,8505,16259,-21582
36063,213525,-745,-210,182,-550
36065,232871,-930,131,701,-1621
36067,468196,-647,1281,1654,-3374
36069,109707,356,54,154,168
36071,376099,1173,2346,665,-1698
36073,41984,-400,-16,57,-451
36075,120913,-584,276,80,-883
36077,61128,-516,-96,67,-461
36079,99487,-156,148,164,-451
36081,2321580,17587,15425,27072,-25836
36083,159774,121,94,334,-254
36085,473279,588,1570,1367,-2044
36087,323866,2883,2872,1567,-1411
36089,111400,-619,199,174,-928
36091,224921,802,392,355,33
36093,155735,295,526,441,-612
36095,31566,-283,-26,17,-310
36099,34884,-389,31,18,-436
36101,98394,-557,134,91,-771
36103,1502968,15,3409,4897,-7352
36107,49870,-289,88,-4,-342
36109,104691,323,349,1104,-1098
36111,180445,-403,-75,356,-578
36113,64973,-202,-62,34,-137
36115,62372,-351,-72,15,-271
36117,92051,-337,181,84,-570
36119,972634,3338,3308,5195,-5287
36123,25208,39,89,16,-64
37001,155792,1107,235,151,684
37003,37392,342,26,18,157
37013,47585,156,-61,36,199
37019,118836,3574,-232,33,3328
37021,250539,2693,185,282,1989
37023,89486,-142,-97,99,-65
37025,192103,4442,868,234,3208
37027,81484,-485,-80,26,-375
37029,10331,138,46,17,75
37031,68811,295,-139,96,329
37035,154534,-192,199,154,-502
37037,68698,1932,-69,103,1592
37045,97076,-1,-43,50,53
37049,104510,55,542,346,-833
37051,326328,-138,3264,1361,-4761
37053,24976,562,27,4,532
37055,35104,185,90,8,78
37057,164072,218,33,114,120
37059,41434,-115,23,24,-161
37063,294460,6217,2459,1361,2205
37065,54933,-621,39,10,-644
37067,365298,3777,1523,787,1627
37069,62860,585,129,32,445
37071,211127,1635,304,201,1099
37073,11567,-108,4,-2,-103
37077,58500,372,34,50,316
37081,512119,5166,2081,1532,1630
37083,52970,-395,-116,30,-292
37085,126666,1529,906,273,368
37087,59471,308,-147,3,433
37089,111149,1618,-243,118,1623
37093,51611,458,629,152,-328
37097,166675,1999,291,201,1426
37099,40981,21,40,62,-66
37101,181423,3423,894,203,2195
37103,10076,-144,-31,6,-116
37105,59662,-335,317,77,-703
37107,58485,-426,-81,71,-382
37109,79829,378,6,49,319
37111,44965,6,-20,6,42
37115,21157,36,-30,10,68
37119,1012539,20025,8324,4555,7094
37125,93077,1501,-117,79,1498
37127,94357,-203,118,55,-368
37129,216298,3108,526,266,2171
37131,20463,-340,-81,-2,-251
37133,187589,1920,3390,906,-2438
37135,140420,1055,531,770,-249
37137,12948,34,-48,6,88
37139,39787,26,91,92,-162
37141,56250,1139,108,45,999
37143,13466,-137,-7,5,-142
37145,39132,-116,-10,0,-110
37147,175354,1003,909,229,-140
37151,142778,322,214,100,66
37153,45733,-491,-10,31,-529
37155,134760,-196,544,79,-744
37157,91696,-209,-176,33,10
37159,138630,317,43,95,236
37161,66600,-279,-178,30,-76
37165,35576,-430,57,18,-505
37167,60600,-30,-23,33,-63
37169,46419,-168,-98,6,-86
37171,72968,-94,-83,72,-51
37175,33045,120,-124,27,237
37177,4115,10,4,-2,5
37179,218568,5872,1145,214,4367
37181,44614,-116,60,2,-148
37183,998691,23667,7582,3959,11697
37189,52560,243,3,26,239
37191,124456,-140,532,304,-952
37193,68838,-174,-107,5,-14
37195,81401,-197,50,95,-284
37197,37792,-217,-6,1,-182
38015,90503,1794,587,22,1161
38017,167005,3798,1524,617,1569
38035,70138,827,529,299,0
38049,5988,84,18,4,57
38059,29822,833,216,1,605
38065,1850,-19,20,0,-44
38075,2587,-29,7,2,-45
38077,16432,111,64,7,40
38085,4422,-4,25,0,-32
38089,30372,1995,216,63,1682
38093,21129,39,15,-1,36
38101,69384,1386,713,157,509
38105,32130,2567,403,-11,2099
39003,105040,-174,225,59,-416
39005,53035,-82,63,52,-187
39007,99175,-604,-1,58,-621
39009,64713,198,116,299,-185
39011,45841,-35,34,22,-109
39013,69461,-84,-142,12,99
39015,44116,-119,45,-2,-154
39017,374158,2647,1386,776,531
39019,28187,-84,-17,1,-44
39021,39128,-347,47,13,-403
39023,136554,-249,-64,64,-198
39025,201560,1306,783,125,376
39027,41835,-54,68,23,-116
39029,105686,-199,-45,26,-117
39031,36516,-184,57,3,-242
39033,42480,-290,9,7,-280
39035,1259828,-4009,1485,3185,-8439
39037,52196,-155,15,10,-174
39039,38510,-5,34,20,-63
39041,189113,3911,1100,323,2358
39043,75828,-306,-87,25,-220
39045,150381,1584,414,90,1052
39047,28800,1,77,12,-91
39049,1231393,17559,9398,4755,3836
39051,42580,162,46,19,74
39053,30397,-200,19,15,-226
39055,94295,236,199,58,14
39057,163820,355,407,342,-349
39059,39590,-24,12,3,-41
39061,806631,2202,3291,1726,-2290
39063,75337,-375,249,87,-673
39073,28725,117,18,4,106
39077,58714,-175,165,32,-351
39079,32748,-36,57,0,-86
39081,67694,-313,-289,5,30
39083,61167,244,163,8,80
39085,229230,-404,-162,145,-390
39087,61623,-295,9,-10,-246
39089,169390,887,443,68,413
39091,45507,41,40,8,15
39093,304216,1210,546,425,329
39095,435286,-1517,1377,507,-3195
39097,43918,646,71,44,547
39099,233204,-1132,-588,226,-599
39101,65720,-190,81,19,-247
39103,176029,1237,380,144,688
39107,40831,107,139,5,-22
39109,103900,484,140,78,332
39113,533116,-1648,1076,1077,-3496
39117,35152,114,83,10,42
39119,85818,122,48,41,99
39123,41154,-6,-135,11,81
39127,35812,-120,25,0,-135
39129,56876,410,88,11,322
39133,161882,459,40,305,175
39139,121942,-350,100,22,-391
39141,77159,-205,43,29,-252
39143,60179,-21,98,23,-136
39145,77258,-765,-18,15,-731
39147,55669,-87,-17,31,-59
39149,48951,-161,212,43,-395
39151,375736,514,196,235,263
39153,541943,156,640,821,-917
39155,205175,-1305,-337,14,-803
39157,92788,21,128,91,-132
39159,53776,396,271,53,100
39161,28462,-32,29,14,-61
39165,221659,2081,760,380,872
39167,61213,-180,-70,23,-117
39169,115537,393,446,67,-98
39173,129590,381,359,196,-196
40009,23691,143,123,13,5
40013,44486,269,119,20,119
40017,129582,3446,812,97,2468
40019,48821,166,56,26,94
40021,48341,368,131,12,226
40027,269908,18,1211,587,-1783
40031,125033,-2,841,408,-1242
40033,6150,-3,3,2,-10
40037,70632,-66,-6,10,-70
40039,29500,205,185,39,-17
40047,63091,582,312,250,61
40051,53854,219,117,45,57
40065,25998,-226,264,72,-576
40071,45478,-65,94,2,-123
40079,49761,-86,9,27,-146
40081,34619,280,66,0,192
40083,45276,875,117,16,719
40087,37313,797,132,13,634
40101,69966,-303,33,36,-388
40109,766215,10547,5643,1960,3331
40111,39095,-356,-18,7,-346
40113,47981,57,-110,17,161
40115,32105,-175,-27,22,-207
40117,16401,-126,23,3,-143
40119,80264,807,374,400,58
40121,44626,-247,-19,5,-241
40123,38005,-68,22,23,-89
40125,71811,621,114,39,485
40131,89815,632,202,34,401
40135,41358,51,4,-1,66
40137,44493,-484,30,9,-535
40139,21853,-220,259,132,-643
40143,629598,6632,3701,1104,2075
40145,75702,27,270,7,-228
40147,51937,370,-5,69,309
40153,21529,304,103,19,169
41003,86316,356,203,382,-208
41005,394972,6515,857,451,4958
41007,37474,353,26,40,295
41009,49459,202,29,18,182
41011,62475,42,-237,18,227
41013,20998,208,-49,3,264
41015,22335,36,-149,1,170
41017,170388,4433,403,-4,3686
41019,106972,162,-249,13,467
41027,22885,174,137,14,15
41029,210287,2196,144,79,1789
41033,83599,328,-293,7,659
41035,65455,-393,47,32,-471
41039,358337,2676,184,697,1820
41041,46406,106,-95,28,208
41043,119356,712,226,44,425
41045,30359,-265,154,6,-455
41047,326110,3882,1652,450,1595
41049,11187,-79,68,33,-196
41051,776712,10630,3665,2407,4728
41053,77916,1298,217,31,922
41059,76705,-163,483,22,-640
41061,25691,152,40,23,92
41065,25515,40,28,14,-2
41067,562998,7451,4106,1913,1485
41071,101758,921,303,103,479
42001,101714,257,43,59,118
42003,1231255,-1698,-512,2881,-3109
42005,67785,-325,-178,21,-115
42007,169392,-668,-353,35,-189
42011,413691,39,1146,1198,-2036
42013,125955,-424,-300,37,-186
42015,61784,-572,37,24,-614
42017,626685,229,166,947,-639
42019,185943,574,-109,111,547
42021,137732,-1168,-471,63,-669
42025,64441,-249,-206,6,-20
42027,158742,895,346,878,-271
42029,512784,3284,1690,1193,565
42033,81191,-398,-181,56,-204
42035,39745,-89,36,21,-126
42037,67122,-17,-47,86,-25
42039,87175,-236,3,14,-185
42041,243762,2494,434,586,1466
42043,271453,436,986,844,-1247
42045,562960,1116,1268,1794,-1616
42049,278443,-1317,378,442,-1996
42051,134086,-713,-498,28,-169
42055,152892,701,324,217,150
42061,45750,-121,-60,11,-39
42063,87706,-540,14,88,-589
42069,212719,-1115,-460,503,-1000
42071,533320,3198,2293,1213,-304
42073,88771,-535,-110,34,-402
42075,136359,652,206,394,52
42077,357823,2055,864,1561,-252
42079,318829,-1033,-914,614,-461
42081,116508,-224,-9,74,-224
42083,42554,-234,-137,15,-96
42085,114884,-429,-300,31,-146
42087,46552,-149,75,17,-207
42089,166314,-816,-30,197,-942
42091,816857,3025,1457,2359,-512
42093,18641,106,11,79,10
42095,300654,907,250,648,133
42097,93944,-194,-86,68,-97
42099,45634,13,124,24,-107
42101,1560297,4245,8277,8468,-12596
42103,56191,-423,-46,35,-384
42107,145797,-1001,-505,76,-506
42109,40323,230,134,38,89
42111,76218,-504,-255,17,-208
42119,44874,155,17,55,102
42121,53529,-379,-86,14,-293
42123,40703,-241,-102,8,-120
42125,208187,-7,-498,73,506
42129,359320,-1760,-1296,68,-277
42131,28131,-11,-31,13,28
42133,440755,1362,1119,592,-53
44001,49060,-203,-155,37,-51
44003,165128,205,-114,200,253
44005,82358,-99,15,244,-333
44007,631974,1803,1801,3652,-3419
44009,126653,113,-172,157,163
45001,24965,-43,-1,19,-50
45003,164753,459,110,171,193
45007,192810,2056,234,188,1572
45013,175852,4283,676,531,2750
45015,198205,4324,1356,340,2433
45017,14878,-200,-40,0,-154
45019,381015,8102,1785,489,5578
45021,56024,281,100,6,211
45023,32337,-264,4,-4,-255
45031,67799,-147,-22,40,-114
45035,148469,3182,905,190,1989
45037,26553,245,96,2,162
45039,22976,-167,-58,13,-106
45041,139231,797,353,93,360
45043,60773,253,-141,27,383
45045,482752,8529,2299,1057,4971
45047,69520,-169,141,40,-356
45051,298832,9305,159,426,7649
45053,27170,460,88,89,169
45055,63161,557,32,42,485
45057,83160,2640,130,22,2248
45059,66533,326,-55,31,356
45063,277888,4284,1071,444,2624
45069,27924,-75,-25,5,-42
45071,37783,215,15,62,142
45073,75192,279,-84,14,373
45075,90090,-636,12,41,-632
45077,120368,1146,69,239,848
45079,401566,3673,1904,1048,743
45081,20026,-74,58,8,-123
45083,293542,2724,744,214,1777
45085,107919,-83,523,137,-701
45087,27876,-106,-70,-1,-21
45091,245346,5931,1135,200,4355
46005,18169,-130,151,138,-432
46011,33314,227,221,104,-88
46013,38408,246,140,116,12
46027,13932,-5,69,9,-91
46029,27938,83,160,14,-70
46033,8445,21,-3,0,21
46035,19885,46,92,25,-55
46045,3983,-52,9,0,-58
46061,3419,12,40,0,-43
46065,17642,176,90,4,81
46081,24657,-242,43,1,-295
46083,51548,1662,625,11,959
46087,5649,2,5,10,-25
46093,26951,384,158,56,175
46099,182882,3158,1608,730,805
46103,108242,1870,760,71,932
46117,2983,-1,28,0,-36
46119,1438,-26,7,10,-47
46125,8272,-93,-2,1,-93
46127,15029,225,77,3,143
46135,22684,20,73,-2,-42
47001,75528,34,-42,59,72
47003,46627,778,214,123,448
47009,126339,1294,88,81,1065
47011,102975,1102,227,121,746
47013,39918,-277,-140,-2,-100
47015,13757,-40,25,10,-74
47019,56886,-445,-205,21,-219
47021,39764,307,98,22,186
47023,17379,25,32,13,-23
47029,35374,20,-63,30,83
47031,53623,307,23,20,278
47033,14668,55,22,6,39
47035,57985,493,-193,16,675
47037,668347,9305,4585,2772,2140
47043,50575,392,118,0,276
47045,37935,-225,55,17,-272
47047,39011,239,25,1,166
47051,41402,105,-17,6,134
47057,22864,170,-35,7,200
47059,68335,100,-242,37,330
47063,63036,-42,104,62,-180
47065,351220,2190,799,564,988
47073,56735,-96,-105,5,25
47079,32204,33,-155,16,178
47081,24384,177,20,8,145
47087,11568,17,-34,-2,50
47089,52677,381,-81,26,405
47093,448644,4294,1211,611,2480
47099,42274,301,70,11,254
47105,50771,333,31,26,275
47107,52626,263,-46,50,301
47111,23003,345,56,43,248
47113,98178,-573,374,61,-979
47115,28407,54,-24,2,92
47117,31269,171,37,17,131
47119,85515,1915,217,89,1497
47125,189961,5232,2309,700,2177
47127,6319,6,1,0,8
47129,21660,-12,-47,1,41
47131,30941,-159,-41,1,-104
47133,22028,-11,-76,4,53
47139,16730,66,-51,-1,91
47141,74165,612,169,142,309
47143,32641,126,5,19,126
47145,52748,-223,-208,8,21
47147,68079,791,335,28,390
47149,288906,7533,2021,429,4795
47153,14704,80,-51,-4,119
47155,95110,1417,122,224,1017
47157,938803,-562,5715,1661,-7761
47159,19009,-52,6,0,-51
47163,157047,353,-182,27,649
47165,172706,3592,481,115,2821
47167,61623,59,167,26,-152
47169,8002,196,11,3,185
47171,17963,-114,-100,15,-16
47173,19113,21,47,-4,-22
47177,39969,103,22,21,69
47179,126242,681,202,77,409
47183,34373,-51,-2,7,-39
47187,205226,6251,1002,399,4669
47189,125376,3360,422,121,2656
48001,57627,-307,-72,17,-227
48003,17477,669,249,15,405
48005,87750,137,324,23,-195
48007,24972,743,-75,33,738
48009,8811,61,9,2,57
48011,1955,-2,8,5,-15
48013,47774,689,246,-2,454
48015,29114,303,85,38,198
48019,20892,285,-35,7,324
48021,78069,1970,273,45,1601
48025,32863,90,165,15,-73
48027,329140,2508,4228,1221,-2954
48029,1855866,33712,14412,4472,14824
48037,93275,-167,277,50,-465
48039,338124,7454,2484,641,4235
48041,209152,4531,1661,1497,1262
48049,37653,-255,-26,32,-244
48051,17253,90,5,9,86
48055,39810,562,181,15,354
48057,21797,12,75,24,-84
48059,13513,-5,-37,5,34
48061,420392,2175,4772,739,-3327
48065,6013,27,-7,0,32
48071,38145,930,244,33,652
48073,50902,-63,238,14,-306
48077,10370,-66,-20,0,-42
48085,885241,26530,6732,3822,15198
48091,123694,4803,447,124,3961
48097,38761,286,128,30,140
48099,75562,-909,564,379,-1920
48107,5899,-93,14,2,-108
48113,2518638,32555,23276,11831,-1661
48115,13372,99,62,7,38
48117,19195,8,174,48,-208
48121,753363,24211,6352,2385,14625
48135,153904,4382,1734,52,2544
48139,159317,3119,826,91,2109
48141,833487,2163,8569,2147,-8354
48143,40147,144,169,22,-49
48145,16989,-303,39,6,-367
48157,685345,30784,5766,4125,19767
48167,314198,6733,1459,701,4383
48171,25520,186,-99,23,228
48173,1291,46,6,2,35
48175,7549,80,10,0,58
48179,23044,115,116,7,-8
48181,123534,1191,207,145,841
48183,123204,10,631,210,-817
48187,147250,4059,838,150,2927
48189,34720,-1089,210,34,-1340
48199,55621,200,171,26,24
48201,4441370,88618,43820,25056,21336
48203,67336,151,190,70,-71
48209,185025,8542,1322,179,6654
48213,79290,672,-121,28,783
48215,831073,12131,12060,1945,-1972
48219,23577,57,160,38,-141
48221,53921,1024,-1,46,907
48223,35921,422,94,15,290
48227,36651,374,128,75,127
48229,3211,-95,31,2,-136
48231,88493,961,166,125,703
48233,21773,-59,99,7,-170
48235,1574,-35,9,0,-52
48245,252235,-579,970,540,-2058
48249,41353,-316,257,2,-594
48251,157456,2504,748,178,1588
48253,19936,-132,13,16,-160
48257,111236,2715,620,87,1907
48259,38880,1411,25,63,1193
48261,400,-15,7,0,-29
48265,50562,630,-191,46,712
48273,32190,41,258,124,-339
48277,49523,203,-22,10,206
48281,20156,-23,57,24,-102
48291,78117,1084,311,59,715
48303,293974,3914,1669,452,1768
48305,5771,63,46,2,-5
48309,243441,1634,1402,286,59
48317,5460,169,70,2,96
48321,36519,-18,158,8,-166
48323,57023,513,762,117,-366
48325,47894,528,125,31,392
48329,155830,3881,1657,110,1990
48339,518947,19129,3307,1576,13597
48341,22148,-75,280,218,-581
48347,65301,111,325,110,-359
48349,48195,62,173,31,-151
48351,14138,-71,-37,6,-40
48353,15093,16,27,4,-33
48355,356221,3259,2160,675,554
48359,2070,-30,14,0,-47
48361,83433,453,210,26,266
48363,28096,172,65,12,90
48367,123164,2957,368,64,2388
48375,121627,-519,891,515,-1904
48381,128220,1576,675,162,757
48389,14349,272,79,31,156
48395,16500,39,54,12,-27
48397,87809,2519,511,143,1697
48401,53923,-50,127,23,-187
48409,66915,658,391,47,188
48415,17328,61,108,2,-54
48423,218842,2172,1054,263,840
48425,8694,70,7,3,46
48427,62955,565,974,94,-498
48439,1945360,31417,16011,5975,9523
48441,135143,1277,720,270,264
48449,32506,-148,245,37,-437
48451,116608,1653,524,169,1011
48453,1151145,28397,10835,5205,12343
48455,14224,-177,-85,-3,-81
48459,40354,564,74,52,463
48463,27117,201,146,37,27
48465,48974,-85,518,123,-718
48469,91081,958,549,87,332
48471,69789,337,66,108,191
48473,46820,1336,300,54,967
48477,34438,269,45,32,179
48479,266673,2901,4246,719,-1984
48481,41168,-47,135,25,-179
48485,132355,12,456,351,-800
48487,12973,-181,41,9,-227
48489,21903,-50,145,14,-216
48491,489250,18025,3964,1030,12107
48493,46402,964,172,10,743
48497,61638,635,259,23,373
48505,14319,-37,177,1,-215
49003,51518,654,543,38,78
49005,118343,1017,1874,331,-1224
49007,20660,-271,107,18,-393
49011,329692,6938,4354,466,2212
49021,47269,563,537,42,10
49023,10486,159,99,2,47
49029,10608,410,130,9,274
49035,1091742,10876,12072,3178,-3851
49043,39105,652,299,77,285
49045,61598,880,690,31,147
49047,36867,1177,514,4,649
49049,560974,9048,9913,861,-1701
49051,27714,1151,313,27,807
49053,151948,4229,1094,69,2655
49057,240475,2053,2395,204,-460
50003,36445,-247,-90,30,-182
50007,160531,713,602,428,-275
50009,6125,-71,-6,0,-65
50011,48642,370,219,31,140
50013,6994,12,9,4,-2
50017,28859,-20,19,12,-58
50021,60086,-459,-82,12,-353
50023,58998,-223,34,23,-270
50027,56014,-159,-40,47,-124
51003,104489,1475,280,418,683
51007,12855,128,25,21,69
51009,32041,-152,-46,4,-101
51011,15279,49,32,0,22
51013,226908,896,2247,2381,-3901
51015,73862,27,-93,15,113
51019,76583,843,-118,30,888
51023,33100,71,-89,4,159
51029,16913,-214,24,4,-235
51031,54885,34,-24,36,55
51033,29778,493,141,13,308
51036,7023,-83,-23,0,-65
51041,332499,4607,1608,694,2249
51043,14423,75,11,8,67
51045,5234,38,-15,0,47
51047,49166,678,277,27,361
51051,15308,-141,-30,5,-108
51053,27859,-67,-19,21,-51
51059,1137538,3115,9819,10518,-18036
51061,68248,1015,172,22,782
51063,15578,50,-12,14,58
51065,26092,176,63,8,98
51067,56358,-30,-73,18,65
51069,82377,1120,340,33,692
51071,16815,-124,-22,11,-116
51073,37141,293,-32,27,258
51075,21936,297,3,5,280
51079,19031,192,85,12,104
51085,101918,720,108,71,507
51087,321924,2981,1396,1564,70
51089,52081,-446,-231,65,-250
51093,36007,364,-20,25,332
51095,72583,1619,110,182,1236
51101,16186,83,74,6,5
51107,363050,12091,3909,2403,5618
51115,8836,-86,-45,9,-45
51121,97244,548,349,616,-372
51125,14850,61,-20,5,91
51127,20021,539,65,14,443
51143,62383,-164,-183,36,35
51145,28449,208,27,7,164
51149,37333,30,100,130,-190
51153,446094,5928,5213,2463,-1648
51155,34322,-190,-78,4,-82
51157,7361,-92,-9,-1,-78
51161,93785,91,-97,222,-10
51165,78171,456,109,79,239
51169,22384,-248,-100,5,-146
51177,129188,1492,721,215,498
51179,139992,3004,1061,333,1527
51183,11767,-41,-35,9,-11
51185,43452,-655,-162,4,-471
51187,38987,380,147,1,242
51191,54729,-34,-5,17,-11
51195,39935,-685,-38,4,-652
51199,66342,398,160,175,70
51510,150575,1263,2057,1893,-2780
51520,17184,-252,-148,10,-101
51540,45593,500,313,439,-270
51550,233371,2940,1172,374,1400
51570,17731,23,85,27,-84
51590,42444,-326,-96,16,-260
51600,24483,289,383,175,-277
51610,13601,132,132,110,-112
51630,28350,488,234,144,58
51650,136879,-69,625,238,-876
51660,52478,960,381,369,181
51670,22196,-13,74,27,-118
51680,79047,337,384,313,-358
51683,42081,356,608,390,-678
51685,15174,-235,-18,95,-322
51690,13711,-37,-2,6,-37
51700,182965,950,1475,793,-1233
51710,245428,-52,1734,1238,-2985
51720,4031,14,26,6,-19
51730,32701,108,241,80,-197
51735,12048,-77,6,8,-87
51740,96004,-170,495,130,-771
51750,17646,369,82,117,167
51760,217853,3149,986,927,1065
51770,99428,613,347,407,-94
51775,25483,201,6,64,141
51790,24538,220,13,27,157
51800,86806,1057,374,62,586
51810,450980,1672,3202,1794,-3265
51820,21366,116,99,11,12
51830,14691,-54,-20,99,-131
51840,27543,46,120,100,-168
53001,19179,106,279,30,-210
53003,22189,85,9,-1,68
53005,186486,2033,1307,215,489
53007,74588,551,275,72,210
53009,72715,465,-285,74,597
53011,451008,7696,2173,683,4440
53013,3985,-51,-10,1,-42
53015,102133,404,84,24,347
53017,39804,345,206,33,96
53021,87809,1195,1209,148,-149
53025,93147,1063,903,133,81
53027,70818,-183,-16,55,-171
53029,79275,686,230,261,144
53033,2079967,33011,12797,13994,7040
53035,254183,978,801,374,-274
53037,42522,741,138,79,530
53041,75128,26,55,46,-152
53045,60711,190,36,80,125
53051,12985,61,-21,1,80
53053,831928,11709,4909,2265,4336
53057,120365,1623,342,126,1046
53059,11340,85,28,8,57
53061,759583,13137,4347,2666,6024
53063,484318,4991,1767,736,2306
53065,43650,217,8,50,199
53067,265851,3290,1147,642,1467
53071,59844,207,122,78,-14
53073,208351,2103,739,343,1021
53075,46827,69,249,344,-516
53077,247687,390,2114,141,-1787
54003,110497,1813,477,88,1271
54005,23714,-373,-48,-1,-312
54009,23530,-176,-134,6,-53
54011,97109,-72,161,139,-308
54015,8941,-261,0,-2,-268
54017,8391,-26,-1,2,-46
54019,45132,-435,-167,14,-257
54027,23483,16,-23,-3,27
54029,30112,-117,-122,-5,27
54033,68761,-165,-85,22,-126
54037,55713,752,133,126,481
54039,190223,-1171,-261,73,-832
54043,21561,41,-27,1,63
54045,35348,-633,-71,-1,-576
54049,56803,45,-57,37,105
54051,32416,-164,-42,1,-107
54053,27016,-130,-49,-4,-115
54055,61785,-125,-129,31,16
54057,27578,-129,-46,-3,-90
54061,103463,1246,420,344,503
54069,43328,-400,-69,28,-335
54077,33788,80,-18,4,80
54079,56770,184,2,17,132
54081,78241,-388,-65,78,-401
54083,29429,-137,-30,6,-112
54091,17069,77,-5,0,86
54099,41122,-403,-110,18,-284
54105,5845,-30,19,6,-60
54107,86237,-163,-159,9,47
55009,256670,1905,1733,405,-111
55015,49491,-153,220,18,-387
55017,63460,261,188,24,92
55021,56615,2,105,11,-118
55025,516284,6257,3160,1614,1590
55027,88574,175,-39,58,172
55031,43698,-98,9,16,-106
55033,44305,84,144,24,-128
55035,101564,-140,490,72,-691
55037,4481,-36,-24,0,-15
55039,101759,111,219,85,-148
55043,51829,709,61,22,643
55045,37063,-23,51,38,-96
55049,23825,85,92,8,-8
55055,84395,-215,229,68,-467
55059,168068,547,672,89,-131
55061,20444,-30,-1,6,-42
55063,118011,681,285,150,249
55069,28493,-183,-28,2,-134
55071,80160,-463,23,44,-482
55073,135780,415,521,119,-186
55075,41298,-199,-58,12,-116
55078,4522,140,30,22,73
55079,956406,20,5892,2046,-7837
55083,37417,83,-25,3,133
55087,182006,1781,1037,178,615
55089,87470,375,59,56,202
55093,40958,225,130,-2,108
55097,70482,-105,196,45,-324
55101,195163,241,802,159,-626
55105,161188,555,530,54,42
55109,86759,851,432,19,373
55111,63379,316,157,86,31
55115,41579,-15,43,20,-65
55117,115290,422,212,100,127
55127,103527,448,142,70,249
55131,133251,505,255,56,219
55133,395118,1178,617,363,299
55139,169511,151,477,84,-404
55141,73608,-336,106,32,-426
56001,37811,237,233,121,-131
56005,48320,110,466,28,-377
56013,40703,-349,129,7,-472
56021,96389,374,504,102,-172
56025,81624,481,470,43,19
56033,30032,196,23,33,107
56037,45010,-195,364,13,-586
56039,22930,555,183,46,318
56041,20904,-127,182,-8,-307
